{"_id":{"$oid":"5a3021e4b07e1f23638beb04"},"ID":14,"COMMUNITY_NAME":"ALBANY PARK","C_AREA":5.354223081e+07,"RESIDENTIAL":49,"COMMERCIAL":9,"OFFICE":0,"RECREATIONAL":0,"MEDICAL":1,"EDUCATIONAL":3,"GOVERNMENT":9,"INDUSTRIAL":2,"GREEN":11,"VACANT":0,"WATER":2,"UTILITIES":1}
{"_id":{"$oid":"5a3021e4b07e1f23638beb05"},"ID":57,"COMMUNITY_NAME":"ARCHER HEIGHTS","C_AREA":5.592250571e+07,"RESIDENTIAL":18,"COMMERCIAL":5,"OFFICE":0,"RECREATIONAL":0,"MEDICAL":0,"EDUCATIONAL":3,"GOVERNMENT":0,"INDUSTRIAL":26,"GREEN":1,"VACANT":3,"WATER":0,"UTILITIES":31}
{"_id":{"$oid":"5a3021e4b07e1f23638beb06"},"ID":34,"COMMUNITY_NAME":"ARMOUR SQUARE","C_AREA":2.776619609e+07,"RESIDENTIAL":20,"COMMERCIAL":4,"OFFICE":1,"RECREATIONAL":11,"MEDICAL":0,"EDUCATIONAL":1,"GOVERNMENT":1,"INDUSTRIAL":3,"GREEN":3,"VACANT":3,"WATER":2,"UTILITIES":3}
{"_id":{"$oid":"5a3021e4b07e1f23638beb07"},"ID":70,"COMMUNITY_NAME":"ASHBURN","C_AREA":1.354603372e+08,"RESIDENTIAL":43,"COMMERCIAL":7,"OFFICE":0,"RECREATIONAL":0,"MEDICAL":0,"EDUCATIONAL":4,"GOVERNMENT":7,"INDUSTRIAL":3,"GREEN":8,"VACANT":1,"WATER":0,"UTILITIES":7}
{"_id":{"$oid":"5a3021e4b07e1f23638beb08"},"ID":71,"COMMUNITY_NAME":"AUBURN GRESHAM","C_AREA":1.050653536e+08,"RESIDENTIAL":46,"COMMERCIAL":5,"OFFICE":0,"RECREATIONAL":0,"MEDICAL":0,"EDUCATIONAL":2,"GOVERNMENT":2,"INDUSTRIAL":2,"GREEN":7,"VACANT":5,"WATER":0,"UTILITIES":1}
{"_id":{"$oid":"5a3021e4b07e1f23638beb09"},"ID":25,"COMMUNITY_NAME":"AUSTIN","C_AREA":1.992542034e+08,"RESIDENTIAL":38,"COMMERCIAL":5,"OFFICE":0,"RECREATIONAL":0,"MEDICAL":0,"EDUCATIONAL":2,"GOVERNMENT":2,"INDUSTRIAL":11,"GREEN":4,"VACANT":4,"WATER":0,"UTILITIES":1}
{"_id":{"$oid":"5a3021e4b07e1f23638beb0a"},"ID":45,"COMMUNITY_NAME":"AVALON PARK","C_AREA":3.485273773e+07,"RESIDENTIAL":41,"COMMERCIAL":6,"OFFICE":0,"RECREATIONAL":0,"MEDICAL":0,"EDUCATIONAL":4,"GOVERNMENT":1,"INDUSTRIAL":2,"GREEN":4,"VACANT":5,"WATER":0,"UTILITIES":6}
{"_id":{"$oid":"5a3021e4b07e1f23638beb0b"},"ID":21,"COMMUNITY_NAME":"AVONDALE","C_AREA":5.529059546e+07,"RESIDENTIAL":37,"COMMERCIAL":11,"OFFICE":0,"RECREATIONAL":0,"MEDICAL":0,"EDUCATIONAL":1,"GOVERNMENT":1,"INDUSTRIAL":10,"GREEN":1,"VACANT":1,"WATER":1,"UTILITIES":3}
{"_id":{"$oid":"5a3021e4b07e1f23638beb0c"},"ID":19,"COMMUNITY_NAME":"BELMONT CRAGIN","C_AREA":1.090994147e+08,"RESIDENTIAL":44,"COMMERCIAL":12,"OFFICE":0,"RECREATIONAL":0,"MEDICAL":0,"EDUCATIONAL":5,"GOVERNMENT":1,"INDUSTRIAL":5,"GREEN":3,"VACANT":0,"WATER":0,"UTILITIES":1}
{"_id":{"$oid":"5a3021e4b07e1f23638beb0d"},"ID":72,"COMMUNITY_NAME":"BEVERLY","C_AREA":8.877936392e+07,"RESIDENTIAL":54,"COMMERCIAL":4,"OFFICE":0,"RECREATIONAL":0,"MEDICAL":0,"EDUCATIONAL":1,"GOVERNMENT":1,"INDUSTRIAL":0,"GREEN":18,"VACANT":1,"WATER":0,"UTILITIES":0}
{"_id":{"$oid":"5a3021e4b07e1f23638beb0e"},"ID":60,"COMMUNITY_NAME":"BRIDGEPORT","C_AREA":5.829151927e+07,"RESIDENTIAL":35,"COMMERCIAL":7,"OFFICE":0,"RECREATIONAL":1,"MEDICAL":0,"EDUCATIONAL":1,"GOVERNMENT":1,"INDUSTRIAL":10,"GREEN":4,"VACANT":6,"WATER":5,"UTILITIES":1}
{"_id":{"$oid":"5a3021e4b07e1f23638beb0f"},"ID":58,"COMMUNITY_NAME":"BRIGHTON PARK","C_AREA":7.58927903e+07,"RESIDENTIAL":32,"COMMERCIAL":6,"OFFICE":0,"RECREATIONAL":0,"MEDICAL":0,"EDUCATIONAL":2,"GOVERNMENT":1,"INDUSTRIAL":16,"GREEN":0,"VACANT":3,"WATER":0,"UTILITIES":21}
{"_id":{"$oid":"5a3021e4b07e1f23638beb10"},"ID":47,"COMMUNITY_NAME":"BURNSIDE","C_AREA":1.699598327e+07,"RESIDENTIAL":21,"COMMERCIAL":4,"OFFICE":0,"RECREATIONAL":0,"MEDICAL":0,"EDUCATIONAL":1,"GOVERNMENT":1,"INDUSTRIAL":30,"GREEN":2,"VACANT":12,"WATER":0,"UTILITIES":2}
{"_id":{"$oid":"5a3021e4b07e1f23638beb11"},"ID":48,"COMMUNITY_NAME":"CALUMET HEIGHTS","C_AREA":4.882624156e+07,"RESIDENTIAL":43,"COMMERCIAL":3,"OFFICE":0,"RECREATIONAL":0,"MEDICAL":1,"EDUCATIONAL":1,"GOVERNMENT":1,"INDUSTRIAL":1,"GREEN":2,"VACANT":8,"WATER":0,"UTILITIES":5}
{"_id":{"$oid":"5a3021e4b07e1f23638beb12"},"ID":44,"COMMUNITY_NAME":"CHATHAM","C_AREA":8.23206703e+07,"RESIDENTIAL":41,"COMMERCIAL":9,"OFFICE":0,"RECREATIONAL":1,"MEDICAL":0,"EDUCATIONAL":2,"GOVERNMENT":1,"INDUSTRIAL":2,"GREEN":2,"VACANT":5,"WATER":0,"UTILITIES":0}
{"_id":{"$oid":"5a3021e4b07e1f23638beb13"},"ID":66,"COMMUNITY_NAME":"CHICAGO LAWN","C_AREA":9.82794651e+07,"RESIDENTIAL":41,"COMMERCIAL":6,"OFFICE":0,"RECREATIONAL":0,"MEDICAL":0,"EDUCATIONAL":2,"GOVERNMENT":1,"INDUSTRIAL":2,"GREEN":14,"VACANT":2,"WATER":0,"UTILITIES":3}
{"_id":{"$oid":"5a3021e4b07e1f23638beb14"},"ID":64,"COMMUNITY_NAME":"CLEARING","C_AREA":7.114519237e+07,"RESIDENTIAL":36,"COMMERCIAL":3,"OFFICE":0,"RECREATIONAL":0,"MEDICAL":0,"EDUCATIONAL":1,"GOVERNMENT":0,"INDUSTRIAL":8,"GREEN":2,"VACANT":1,"WATER":0,"UTILITIES":44}
{"_id":{"$oid":"5a3021e4b07e1f23638beb15"},"ID":35,"COMMUNITY_NAME":"DOUGLAS","C_AREA":4.600462115e+07,"RESIDENTIAL":20,"COMMERCIAL":4,"OFFICE":1,"RECREATIONAL":0,"MEDICAL":0,"EDUCATIONAL":15,"GOVERNMENT":11,"INDUSTRIAL":0,"GREEN":7,"VACANT":12,"WATER":0,"UTILITIES":0}
{"_id":{"$oid":"5a3021e4b07e1f23638beb16"},"ID":17,"COMMUNITY_NAME":"DUNNING","C_AREA":1.035950012e+08,"RESIDENTIAL":48,"COMMERCIAL":3,"OFFICE":0,"RECREATIONAL":0,"MEDICAL":3,"EDUCATIONAL":2,"GOVERNMENT":16,"INDUSTRIAL":1,"GREEN":3,"VACANT":2,"WATER":0,"UTILITIES":0}
{"_id":{"$oid":"5a3021e4b07e1f23638beb17"},"ID":27,"COMMUNITY_NAME":"EAST GARFIELD PARK","C_AREA":5.388322084e+07,"RESIDENTIAL":21,"COMMERCIAL":3,"OFFICE":0,"RECREATIONAL":0,"MEDICAL":0,"EDUCATIONAL":4,"GOVERNMENT":2,"INDUSTRIAL":6,"GREEN":15,"VACANT":14,"WATER":0,"UTILITIES":1}
{"_id":{"$oid":"5a3021e4b07e1f23638beb18"},"ID":52,"COMMUNITY_NAME":"EAST SIDE","C_AREA":8.324172803e+07,"RESIDENTIAL":29,"COMMERCIAL":2,"OFFICE":0,"RECREATIONAL":2,"MEDICAL":0,"EDUCATIONAL":2,"GOVERNMENT":3,"INDUSTRIAL":6,"GREEN":8,"VACANT":7,"WATER":9,"UTILITIES":26}
{"_id":{"$oid":"5a3021e4b07e1f23638beb19"},"ID":77,"COMMUNITY_NAME":"EDGEWATER","C_AREA":4.844999083e+07,"RESIDENTIAL":45,"COMMERCIAL":8,"OFFICE":0,"RECREATIONAL":1,"MEDICAL":1,"EDUCATIONAL":3,"GOVERNMENT":2,"INDUSTRIAL":1,"GREEN":20,"VACANT":1,"WATER":0,"UTILITIES":0}
{"_id":{"$oid":"5a3021e4b07e1f23638beb1a"},"ID":9,"COMMUNITY_NAME":"EDISON PARK","C_AREA":3.163631378e+07,"RESIDENTIAL":60,"COMMERCIAL":3,"OFFICE":1,"RECREATIONAL":0,"MEDICAL":0,"EDUCATIONAL":1,"GOVERNMENT":2,"INDUSTRIAL":1,"GREEN":3,"VACANT":0,"WATER":0,"UTILITIES":0}
{"_id":{"$oid":"5a3021e4b07e1f23638beb1b"},"ID":68,"COMMUNITY_NAME":"ENGLEWOOD","C_AREA":8.565232307e+07,"RESIDENTIAL":28,"COMMERCIAL":3,"OFFICE":0,"RECREATIONAL":0,"MEDICAL":0,"EDUCATIONAL":5,"GOVERNMENT":3,"INDUSTRIAL":1,"GREEN":2,"VACANT":22,"WATER":0,"UTILITIES":0}
{"_id":{"$oid":"5a3021e4b07e1f23638beb1c"},"ID":12,"COMMUNITY_NAME":"FOREST GLEN","C_AREA":8.913089362e+07,"RESIDENTIAL":42,"COMMERCIAL":2,"OFFICE":1,"RECREATIONAL":0,"MEDICAL":0,"EDUCATIONAL":1,"GOVERNMENT":1,"INDUSTRIAL":1,"GREEN":40,"VACANT":0,"WATER":1,"UTILITIES":0}
{"_id":{"$oid":"5a3021e4b07e1f23638beb1d"},"ID":37,"COMMUNITY_NAME":"FULLER PARK","C_AREA":1.991670487e+07,"RESIDENTIAL":12,"COMMERCIAL":4,"OFFICE":0,"RECREATIONAL":1,"MEDICAL":0,"EDUCATIONAL":1,"GOVERNMENT":3,"INDUSTRIAL":7,"GREEN":2,"VACANT":12,"WATER":0,"UTILITIES":39}
{"_id":{"$oid":"5a3021e4b07e1f23638beb1e"},"ID":63,"COMMUNITY_NAME":"GAGE PARK","C_AREA":6.12848961e+07,"RESIDENTIAL":40,"COMMERCIAL":6,"OFFICE":0,"RECREATIONAL":0,"MEDICAL":0,"EDUCATIONAL":5,"GOVERNMENT":1,"INDUSTRIAL":10,"GREEN":2,"VACANT":2,"WATER":0,"UTILITIES":5}
{"_id":{"$oid":"5a3021e4b07e1f23638beb1f"},"ID":56,"COMMUNITY_NAME":"GARFIELD RIDGE","C_AREA":1.178907784e+08,"RESIDENTIAL":42,"COMMERCIAL":4,"OFFICE":0,"RECREATIONAL":0,"MEDICAL":0,"EDUCATIONAL":1,"GOVERNMENT":1,"INDUSTRIAL":9,"GREEN":2,"VACANT":2,"WATER":3,"UTILITIES":29}
{"_id":{"$oid":"5a3021e4b07e1f23638beb20"},"ID":38,"COMMUNITY_NAME":"GRAND BOULEVARD","C_AREA":4.849250315e+07,"RESIDENTIAL":28,"COMMERCIAL":4,"OFFICE":0,"RECREATIONAL":0,"MEDICAL":1,"EDUCATIONAL":6,"GOVERNMENT":4,"INDUSTRIAL":1,"GREEN":2,"VACANT":20,"WATER":0,"UTILITIES":3}
{"_id":{"$oid":"5a3021e4b07e1f23638beb21"},"ID":69,"COMMUNITY_NAME":"GREATER GRAND CROSSING","C_AREA":9.885316769e+07,"RESIDENTIAL":31,"COMMERCIAL":4,"OFFICE":0,"RECREATIONAL":0,"MEDICAL":0,"EDUCATIONAL":2,"GOVERNMENT":10,"INDUSTRIAL":2,"GREEN":2,"VACANT":6,"WATER":0,"UTILITIES":10}
{"_id":{"$oid":"5a3021e4b07e1f23638beb22"},"ID":55,"COMMUNITY_NAME":"HEGEWISCH","C_AREA":1.459657414e+08,"RESIDENTIAL":12,"COMMERCIAL":1,"OFFICE":0,"RECREATIONAL":0,"MEDICAL":0,"EDUCATIONAL":0,"GOVERNMENT":0,"INDUSTRIAL":10,"GREEN":13,"VACANT":15,"WATER":19,"UTILITIES":17}
{"_id":{"$oid":"5a3021e4b07e1f23638beb23"},"ID":20,"COMMUNITY_NAME":"HERMOSA","C_AREA":3.26020594e+07,"RESIDENTIAL":42,"COMMERCIAL":5,"OFFICE":0,"RECREATIONAL":0,"MEDICAL":0,"EDUCATIONAL":2,"GOVERNMENT":1,"INDUSTRIAL":15,"GREEN":2,"VACANT":0,"WATER":0,"UTILITIES":0}
{"_id":{"$oid":"5a3021e4b07e1f23638beb24"},"ID":23,"COMMUNITY_NAME":"HUMBOLDT PARK","C_AREA":1.004808765e+08,"RESIDENTIAL":31,"COMMERCIAL":8,"OFFICE":0,"RECREATIONAL":0,"MEDICAL":0,"EDUCATIONAL":3,"GOVERNMENT":1,"INDUSTRIAL":14,"GREEN":10,"VACANT":7,"WATER":0,"UTILITIES":4}
{"_id":{"$oid":"5a3021e4b07e1f23638beb25"},"ID":41,"COMMUNITY_NAME":"HYDE PARK","C_AREA":4.510538016e+07,"RESIDENTIAL":26,"COMMERCIAL":4,"OFFICE":0,"RECREATIONAL":0,"MEDICAL":2,"EDUCATIONAL":14,"GOVERNMENT":1,"INDUSTRIAL":0,"GREEN":41,"VACANT":0,"WATER":2,"UTILITIES":0}
{"_id":{"$oid":"5a3021e4b07e1f23638beb26"},"ID":16,"COMMUNITY_NAME":"IRVING PARK","C_AREA":8.961138229e+07,"RESIDENTIAL":44,"COMMERCIAL":7,"OFFICE":0,"RECREATIONAL":0,"MEDICAL":0,"EDUCATIONAL":2,"GOVERNMENT":1,"INDUSTRIAL":3,"GREEN":5,"VACANT":1,"WATER":1,"UTILITIES":0}
{"_id":{"$oid":"5a3021e4b07e1f23638beb27"},"ID":11,"COMMUNITY_NAME":"JEFFERSON PARK","C_AREA":6.486816167e+07,"RESIDENTIAL":45,"COMMERCIAL":4,"OFFICE":0,"RECREATIONAL":0,"MEDICAL":0,"EDUCATIONAL":1,"GOVERNMENT":1,"INDUSTRIAL":3,"GREEN":24,"VACANT":1,"WATER":1,"UTILITIES":1}
{"_id":{"$oid":"5a3021e4b07e1f23638beb28"},"ID":39,"COMMUNITY_NAME":"KENWOOD","C_AREA":2.907174192e+07,"RESIDENTIAL":39,"COMMERCIAL":3,"OFFICE":0,"RECREATIONAL":1,"MEDICAL":0,"EDUCATIONAL":5,"GOVERNMENT":3,"INDUSTRIAL":0,"GREEN":36,"VACANT":3,"WATER":0,"UTILITIES":0}
{"_id":{"$oid":"5a3021e4b07e1f23638beb29"},"ID":6,"COMMUNITY_NAME":"LAKE VIEW","C_AREA":8.721479926e+07,"RESIDENTIAL":42,"COMMERCIAL":10,"OFFICE":0,"RECREATIONAL":1,"MEDICAL":1,"EDUCATIONAL":2,"GOVERNMENT":2,"INDUSTRIAL":1,"GREEN":33,"VACANT":1,"WATER":0,"UTILITIES":1}
{"_id":{"$oid":"5a3021e4b07e1f23638beb2a"},"ID":7,"COMMUNITY_NAME":"LINCOLN PARK","C_AREA":8.831640046e+07,"RESIDENTIAL":33,"COMMERCIAL":10,"OFFICE":0,"RECREATIONAL":5,"MEDICAL":1,"EDUCATIONAL":3,"GOVERNMENT":1,"INDUSTRIAL":2,"GREEN":18,"VACANT":1,"WATER":3,"UTILITIES":1}
{"_id":{"$oid":"5a3021e4b07e1f23638beb2b"},"ID":4,"COMMUNITY_NAME":"LINCOLN SQUARE","C_AREA":7.135232823e+07,"RESIDENTIAL":35,"COMMERCIAL":5,"OFFICE":0,"RECREATIONAL":0,"MEDICAL":1,"EDUCATIONAL":2,"GOVERNMENT":20,"INDUSTRIAL":3,"GREEN":6,"VACANT":1,"WATER":1,"UTILITIES":1}
{"_id":{"$oid":"5a3021e4b07e1f23638beb2c"},"ID":22,"COMMUNITY_NAME":"LOGAN SQUARE","C_AREA":1.000575667e+08,"RESIDENTIAL":39,"COMMERCIAL":11,"OFFICE":0,"RECREATIONAL":1,"MEDICAL":0,"EDUCATIONAL":2,"GOVERNMENT":1,"INDUSTRIAL":5,"GREEN":1,"VACANT":2,"WATER":3,"UTILITIES":0}
{"_id":{"$oid":"5a3021e4b07e1f23638beb2d"},"ID":32,"COMMUNITY_NAME":"LOOP","C_AREA":4.633556545e+07,"RESIDENTIAL":8,"COMMERCIAL":4,"OFFICE":13,"RECREATIONAL":4,"MEDICAL":0,"EDUCATIONAL":1,"GOVERNMENT":2,"INDUSTRIAL":0,"GREEN":37,"VACANT":5,"WATER":5,"UTILITIES":3}
{"_id":{"$oid":"5a3021e4b07e1f23638beb2e"},"ID":31,"COMMUNITY_NAME":"LOWER WEST SIDE","C_AREA":8.155072362e+07,"RESIDENTIAL":15,"COMMERCIAL":6,"OFFICE":0,"RECREATIONAL":0,"MEDICAL":0,"EDUCATIONAL":3,"GOVERNMENT":2,"INDUSTRIAL":27,"GREEN":2,"VACANT":4,"WATER":5,"UTILITIES":9}
{"_id":{"$oid":"5a3021e4b07e1f23638beb2f"},"ID":59,"COMMUNITY_NAME":"MCKINLEY PARK","C_AREA":3.943179964e+07,"RESIDENTIAL":25,"COMMERCIAL":8,"OFFICE":0,"RECREATIONAL":0,"MEDICAL":0,"EDUCATIONAL":1,"GOVERNMENT":2,"INDUSTRIAL":19,"GREEN":8,"VACANT":5,"WATER":2,"UTILITIES":2}
{"_id":{"$oid":"5a3021e4b07e1f23638beb30"},"ID":18,"COMMUNITY_NAME":"MONTCLARE","C_AREA":2.757639363e+07,"RESIDENTIAL":51,"COMMERCIAL":9,"OFFICE":0,"RECREATIONAL":0,"MEDICAL":3,"EDUCATIONAL":1,"GOVERNMENT":1,"INDUSTRIAL":3,"GREEN":2,"VACANT":1,"WATER":0,"UTILITIES":1}
{"_id":{"$oid":"5a3021e4b07e1f23638beb31"},"ID":75,"COMMUNITY_NAME":"MORGAN PARK","C_AREA":9.187734068e+07,"RESIDENTIAL":46,"COMMERCIAL":5,"OFFICE":0,"RECREATIONAL":0,"MEDICAL":0,"EDUCATIONAL":3,"GOVERNMENT":16,"INDUSTRIAL":3,"GREEN":3,"VACANT":3,"WATER":0,"UTILITIES":0}
{"_id":{"$oid":"5a3021e4b07e1f23638beb32"},"ID":74,"COMMUNITY_NAME":"MOUNT GREENWOOD","C_AREA":7.558429001e+07,"RESIDENTIAL":45,"COMMERCIAL":3,"OFFICE":0,"RECREATIONAL":0,"MEDICAL":0,"EDUCATIONAL":16,"GOVERNMENT":15,"INDUSTRIAL":0,"GREEN":2,"VACANT":0,"WATER":0,"UTILITIES":0}
{"_id":{"$oid":"5a3021e4b07e1f23638beb33"},"ID":8,"COMMUNITY_NAME":"NEAR NORTH SIDE","C_AREA":7.667589596e+07,"RESIDENTIAL":21,"COMMERCIAL":9,"OFFICE":5,"RECREATIONAL":4,"MEDICAL":1,"EDUCATIONAL":4,"GOVERNMENT":2,"INDUSTRIAL":5,"GREEN":8,"VACANT":3,"WATER":5,"UTILITIES":6}
{"_id":{"$oid":"5a3021e4b07e1f23638beb34"},"ID":33,"COMMUNITY_NAME":"NEAR SOUTH SIDE","C_AREA":4.976963944e+07,"RESIDENTIAL":12,"COMMERCIAL":4,"OFFICE":2,"RECREATIONAL":23,"MEDICAL":2,"EDUCATIONAL":1,"GOVERNMENT":1,"INDUSTRIAL":2,"GREEN":31,"VACANT":8,"WATER":0,"UTILITIES":1}
{"_id":{"$oid":"5a3021e4b07e1f23638beb35"},"ID":28,"COMMUNITY_NAME":"NEAR WEST SIDE","C_AREA":1.584924665e+08,"RESIDENTIAL":13,"COMMERCIAL":6,"OFFICE":4,"RECREATIONAL":2,"MEDICAL":3,"EDUCATIONAL":8,"GOVERNMENT":4,"INDUSTRIAL":8,"GREEN":2,"VACANT":6,"WATER":1,"UTILITIES":9}
{"_id":{"$oid":"5a3021e4b07e1f23638beb36"},"ID":61,"COMMUNITY_NAME":"NEW CITY","C_AREA":1.346369632e+08,"RESIDENTIAL":19,"COMMERCIAL":6,"OFFICE":0,"RECREATIONAL":0,"MEDICAL":0,"EDUCATIONAL":1,"GOVERNMENT":2,"INDUSTRIAL":23,"GREEN":3,"VACANT":10,"WATER":0,"UTILITIES":11}
{"_id":{"$oid":"5a3021e4b07e1f23638beb37"},"ID":5,"COMMUNITY_NAME":"NORTH CENTER","C_AREA":5.705416784e+07,"RESIDENTIAL":41,"COMMERCIAL":9,"OFFICE":0,"RECREATIONAL":0,"MEDICAL":0,"EDUCATIONAL":5,"GOVERNMENT":1,"INDUSTRIAL":7,"GREEN":3,"VACANT":1,"WATER":5,"UTILITIES":1}
{"_id":{"$oid":"5a3021e4b07e1f23638beb38"},"ID":29,"COMMUNITY_NAME":"NORTH LAWNDALE","C_AREA":8.948742201e+07,"RESIDENTIAL":23,"COMMERCIAL":4,"OFFICE":1,"RECREATIONAL":0,"MEDICAL":1,"EDUCATIONAL":3,"GOVERNMENT":3,"INDUSTRIAL":11,"GREEN":8,"VACANT":14,"WATER":0,"UTILITIES":1}
{"_id":{"$oid":"5a3021e4b07e1f23638beb39"},"ID":13,"COMMUNITY_NAME":"NORTH PARK","C_AREA":7.028870642e+07,"RESIDENTIAL":30,"COMMERCIAL":4,"OFFICE":1,"RECREATIONAL":0,"MEDICAL":0,"EDUCATIONAL":7,"GOVERNMENT":17,"INDUSTRIAL":4,"GREEN":18,"VACANT":1,"WATER":1,"UTILITIES":2}
{"_id":{"$oid":"5a3021e4b07e1f23638beb3a"},"ID":10,"COMMUNITY_NAME":"NORWOOD PARK","C_AREA":1.219591054e+08,"RESIDENTIAL":54,"COMMERCIAL":3,"OFFICE":1,"RECREATIONAL":0,"MEDICAL":2,"EDUCATIONAL":4,"GOVERNMENT":8,"INDUSTRIAL":1,"GREEN":14,"VACANT":0,"WATER":0,"UTILITIES":0}
{"_id":{"$oid":"5a3021e4b07e1f23638beb3b"},"ID":36,"COMMUNITY_NAME":"OAKLAND","C_AREA":1.691396104e+07,"RESIDENTIAL":21,"COMMERCIAL":1,"OFFICE":0,"RECREATIONAL":0,"MEDICAL":0,"EDUCATIONAL":4,"GOVERNMENT":23,"INDUSTRIAL":0,"GREEN":37,"VACANT":11,"WATER":0,"UTILITIES":0}
{"_id":{"$oid":"5a3021e4b07e1f23638beb3c"},"ID":76,"COMMUNITY_NAME":"OHARE","C_AREA":3.718356076e+08,"RESIDENTIAL":3,"COMMERCIAL":0,"OFFICE":1,"RECREATIONAL":0,"MEDICAL":0,"EDUCATIONAL":0,"GOVERNMENT":3,"INDUSTRIAL":1,"GREEN":12,"VACANT":4,"WATER":0,"UTILITIES":73}
{"_id":{"$oid":"5a3021e4b07e1f23638beb3d"},"ID":15,"COMMUNITY_NAME":"PORTAGE PARK","C_AREA":1.101960971e+08,"RESIDENTIAL":53,"COMMERCIAL":7,"OFFICE":0,"RECREATIONAL":0,"MEDICAL":0,"EDUCATIONAL":3,"GOVERNMENT":1,"INDUSTRIAL":1,"GREEN":3,"VACANT":0,"WATER":0,"UTILITIES":1}
{"_id":{"$oid":"5a3021e4b07e1f23638beb3e"},"ID":50,"COMMUNITY_NAME":"PULLMAN","C_AREA":5.900155559e+07,"RESIDENTIAL":16,"COMMERCIAL":3,"OFFICE":0,"RECREATIONAL":2,"MEDICAL":0,"EDUCATIONAL":8,"GOVERNMENT":4,"INDUSTRIAL":19,"GREEN":0,"VACANT":16,"WATER":0,"UTILITIES":3}
{"_id":{"$oid":"5a3021e4b07e1f23638beb3f"},"ID":54,"COMMUNITY_NAME":"RIVERDALE","C_AREA":9.83894974e+07,"RESIDENTIAL":12,"COMMERCIAL":0,"OFFICE":0,"RECREATIONAL":1,"MEDICAL":0,"EDUCATIONAL":2,"GOVERNMENT":0,"INDUSTRIAL":13,"GREEN":14,"VACANT":10,"WATER":5,"UTILITIES":41}
{"_id":{"$oid":"5a3021e4b07e1f23638beb40"},"ID":1,"COMMUNITY_NAME":"ROGERS PARK","C_AREA":5.125990244e+07,"RESIDENTIAL":44,"COMMERCIAL":7,"OFFICE":0,"RECREATIONAL":0,"MEDICAL":1,"EDUCATIONAL":5,"GOVERNMENT":9,"INDUSTRIAL":4,"GREEN":5,"VACANT":0,"WATER":0,"UTILITIES":1}
{"_id":{"$oid":"5a3021e4b07e1f23638beb41"},"ID":49,"COMMUNITY_NAME":"ROSELAND","C_AREA":1.343137067e+08,"RESIDENTIAL":43,"COMMERCIAL":3,"OFFICE":0,"RECREATIONAL":0,"MEDICAL":0,"EDUCATIONAL":8,"GOVERNMENT":2,"INDUSTRIAL":0,"GREEN":2,"VACANT":5,"WATER":0,"UTILITIES":0}
{"_id":{"$oid":"5a3021e4b07e1f23638beb42"},"ID":46,"COMMUNITY_NAME":"SOUTH CHICAGO","C_AREA":9.327218499e+07,"RESIDENTIAL":30,"COMMERCIAL":4,"OFFICE":0,"RECREATIONAL":1,"MEDICAL":0,"EDUCATIONAL":2,"GOVERNMENT":1,"INDUSTRIAL":2,"GREEN":5,"VACANT":29,"WATER":4,"UTILITIES":5}
{"_id":{"$oid":"5a3021e4b07e1f23638beb43"},"ID":51,"COMMUNITY_NAME":"SOUTH DEERING","C_AREA":3.037970596e+08,"RESIDENTIAL":7,"COMMERCIAL":1,"OFFICE":0,"RECREATIONAL":0,"MEDICAL":0,"EDUCATIONAL":0,"GOVERNMENT":0,"INDUSTRIAL":10,"GREEN":8,"VACANT":10,"WATER":3,"UTILITIES":48}
{"_id":{"$oid":"5a3021e4b07e1f23638beb44"},"ID":30,"COMMUNITY_NAME":"SOUTH LAWNDALE","C_AREA":1.279982978e+08,"RESIDENTIAL":23,"COMMERCIAL":5,"OFFICE":0,"RECREATIONAL":0,"MEDICAL":0,"EDUCATIONAL":4,"GOVERNMENT":7,"INDUSTRIAL":17,"GREEN":1,"VACANT":8,"WATER":3,"UTILITIES":6}
{"_id":{"$oid":"5a3021e4b07e1f23638beb45"},"ID":43,"COMMUNITY_NAME":"SOUTH SHORE","C_AREA":8.181271638e+07,"RESIDENTIAL":45,"COMMERCIAL":6,"OFFICE":0,"RECREATIONAL":0,"MEDICAL":0,"EDUCATIONAL":2,"GOVERNMENT":1,"INDUSTRIAL":1,"GREEN":19,"VACANT":4,"WATER":0,"UTILITIES":3}
{"_id":{"$oid":"5a3021e4b07e1f23638beb46"},"ID":3,"COMMUNITY_NAME":"UPTOWN","C_AREA":6.509564272e+07,"RESIDENTIAL":29,"COMMERCIAL":5,"OFFICE":0,"RECREATIONAL":0,"MEDICAL":1,"EDUCATIONAL":3,"GOVERNMENT":12,"INDUSTRIAL":1,"GREEN":34,"VACANT":1,"WATER":0,"UTILITIES":1}
{"_id":{"$oid":"5a3021e4b07e1f23638beb47"},"ID":73,"COMMUNITY_NAME":"WASHINGTON HEIGHTS","C_AREA":7.963575286e+07,"RESIDENTIAL":48,"COMMERCIAL":3,"OFFICE":0,"RECREATIONAL":0,"MEDICAL":0,"EDUCATIONAL":3,"GOVERNMENT":2,"INDUSTRIAL":2,"GREEN":2,"VACANT":3,"WATER":0,"UTILITIES":0}
{"_id":{"$oid":"5a3021e4b07e1f23638beb48"},"ID":40,"COMMUNITY_NAME":"WASHINGTON PARK","C_AREA":4.237388148e+07,"RESIDENTIAL":15,"COMMERCIAL":3,"OFFICE":0,"RECREATIONAL":0,"MEDICAL":0,"EDUCATIONAL":2,"GOVERNMENT":3,"INDUSTRIAL":1,"GREEN":36,"VACANT":17,"WATER":0,"UTILITIES":2}
{"_id":{"$oid":"5a3021e4b07e1f23638beb49"},"ID":62,"COMMUNITY_NAME":"WEST ELSDON","C_AREA":3.271109142e+07,"RESIDENTIAL":51,"COMMERCIAL":7,"OFFICE":0,"RECREATIONAL":0,"MEDICAL":0,"EDUCATIONAL":2,"GOVERNMENT":0,"INDUSTRIAL":5,"GREEN":2,"VACANT":2,"WATER":0,"UTILITIES":0}
{"_id":{"$oid":"5a3021e4b07e1f23638beb4a"},"ID":67,"COMMUNITY_NAME":"WEST ENGLEWOOD","C_AREA":8.794769193e+07,"RESIDENTIAL":35,"COMMERCIAL":3,"OFFICE":0,"RECREATIONAL":0,"MEDICAL":0,"EDUCATIONAL":3,"GOVERNMENT":2,"INDUSTRIAL":2,"GREEN":4,"VACANT":14,"WATER":0,"UTILITIES":7}
{"_id":{"$oid":"5a3021e4b07e1f23638beb4b"},"ID":26,"COMMUNITY_NAME":"WEST GARFIELD PARK","C_AREA":3.609284881e+07,"RESIDENTIAL":29,"COMMERCIAL":6,"OFFICE":0,"RECREATIONAL":0,"MEDICAL":0,"EDUCATIONAL":3,"GOVERNMENT":2,"INDUSTRIAL":5,"GREEN":8,"VACANT":14,"WATER":0,"UTILITIES":2}
{"_id":{"$oid":"5a3021e4b07e1f23638beb4c"},"ID":65,"COMMUNITY_NAME":"WEST LAWN","C_AREA":8.231530167e+07,"RESIDENTIAL":37,"COMMERCIAL":9,"OFFICE":0,"RECREATIONAL":0,"MEDICAL":0,"EDUCATIONAL":3,"GOVERNMENT":3,"INDUSTRIAL":10,"GREEN":2,"VACANT":2,"WATER":0,"UTILITIES":11}
{"_id":{"$oid":"5a3021e4b07e1f23638beb4d"},"ID":53,"COMMUNITY_NAME":"WEST PULLMAN","C_AREA":9.936519806e+07,"RESIDENTIAL":43,"COMMERCIAL":3,"OFFICE":0,"RECREATIONAL":0,"MEDICAL":0,"EDUCATIONAL":2,"GOVERNMENT":2,"INDUSTRIAL":3,"GREEN":3,"VACANT":10,"WATER":5,"UTILITIES":4}
{"_id":{"$oid":"5a3021e4b07e1f23638beb4e"},"ID":2,"COMMUNITY_NAME":"WEST RIDGE","C_AREA":9.842909484e+07,"RESIDENTIAL":47,"COMMERCIAL":7,"OFFICE":0,"RECREATIONAL":0,"MEDICAL":1,"EDUCATIONAL":3,"GOVERNMENT":4,"INDUSTRIAL":0,"GREEN":9,"VACANT":1,"WATER":0,"UTILITIES":0}
{"_id":{"$oid":"5a3021e4b07e1f23638beb4f"},"ID":24,"COMMUNITY_NAME":"WEST TOWN","C_AREA":1.275629046e+08,"RESIDENTIAL":31,"COMMERCIAL":10,"OFFICE":0,"RECREATIONAL":0,"MEDICAL":1,"EDUCATIONAL":2,"GOVERNMENT":1,"INDUSTRIAL":7,"GREEN":8,"VACANT":2,"WATER":3,"UTILITIES":2}
{"_id":{"$oid":"5a3021e4b07e1f23638beb50"},"ID":42,"COMMUNITY_NAME":"WOODLAWN","C_AREA":5.78151795e+07,"RESIDENTIAL":24,"COMMERCIAL":3,"OFFICE":0,"RECREATIONAL":0,"MEDICAL":0,"EDUCATIONAL":7,"GOVERNMENT":4,"INDUSTRIAL":0,"GREEN":44,"VACANT":9,"WATER":1,"UTILITIES":0}
