{"_id":{"$oid":"59cbe5be150aa223f053b01b"},"COMMUNITY_AREA_NAME":"Archer Heights","KWH_JANUARY_2010":7318044,"KWH_FEBRUARY_2010":7163433,"KWH_MARCH_2010":6767015,"KWH_APRIL_2010":6915165,"KWH_MAY_2010":7393731,"KWH_JUNE_2010":8794213,"KWH_JULY_2010":9582989,"KWH_AUGUST_2010":9284251,"KWH_SEPTEMBER_2010":7577065,"KWH_OCTOBER_2010":6921539,"KWH_NOVEMBER_2010":7561631,"KWH_DECEMBER_2010":8608963,"TOTAL_KWH":93888039,"ZERO_KWH_ACCOUNTS":723,"THERM_JANUARY_2010":1371097,"THERM_FEBRUARY_2010":1099195,"THERM_MARCH_2010":841662,"THERM_APRIL_2010":447489,"THERM_MAY_2010":282120,"THERM_JUNE_2010":183235,"THERM_JULY_2010":175340,"THERM_AUGUST_2010":151003,"THERM_SEPTEMBER_2010":152948,"THERM_OCTOBER_2010":200037,"THERM_NOVEMBER_2010":421913,"THERM_DECEMBER_2010":1076281,"TOTAL_THERMS":6402320,"KWH_TOTAL_SQFT":14.70708634,"THERMS_TOTAL_SQFT":0.813756655,"TOTAL_POPULATION":25536,"TOTAL_UNITS":8054,"OCCUPIED_UNITS":7301,"RENTER_OCCUPIED_HOUSING_UNITS":3191,"OCCUPIED_HOUSING_UNITS":7301,"COMMUNITY_AREA_NUMBER":57,"KWH_TOTAL_SQMETERS":158.305828,"THERMS_TOTAL_SQMETERS":8.759207512,"KWH_TOTAL_CAPITA":3676.6932565789475,"THERMS_TOTAL_CAPITA":250.7174185463659}
{"_id":{"$oid":"59cbe5be150aa223f053b01f"},"COMMUNITY_AREA_NAME":"Avondale","KWH_JANUARY_2010":8321299,"KWH_FEBRUARY_2010":8313844,"KWH_MARCH_2010":8234056,"KWH_APRIL_2010":7733196,"KWH_MAY_2010":9249976,"KWH_JUNE_2010":12459568,"KWH_JULY_2010":13627094,"KWH_AUGUST_2010":11561932,"KWH_SEPTEMBER_2010":9059195,"KWH_OCTOBER_2010":8741976,"KWH_NOVEMBER_2010":11531689,"KWH_DECEMBER_2010":13001468,"TOTAL_KWH":121835293,"ZERO_KWH_ACCOUNTS":4665,"THERM_JANUARY_2010":2730006,"THERM_FEBRUARY_2010":2411266,"THERM_MARCH_2010":2133461,"THERM_APRIL_2010":1208909,"THERM_MAY_2010":698886,"THERM_JUNE_2010":432075,"THERM_JULY_2010":302600,"THERM_AUGUST_2010":272432,"THERM_SEPTEMBER_2010":271810,"THERM_OCTOBER_2010":346629,"THERM_NOVEMBER_2010":613124,"THERM_DECEMBER_2010":1542534,"TOTAL_THERMS":12963732,"KWH_TOTAL_SQFT":8.485631816,"THERMS_TOTAL_SQFT":0.807061498,"TOTAL_POPULATION":88961,"TOTAL_UNITS":35149,"OCCUPIED_UNITS":31102,"RENTER_OCCUPIED_HOUSING_UNITS":19408,"OCCUPIED_HOUSING_UNITS":31102,"COMMUNITY_AREA_NUMBER":21,"KWH_TOTAL_SQMETERS":91.33862002,"THERMS_TOTAL_SQMETERS":8.687141409,"KWH_TOTAL_CAPITA":1369.5360101617562,"THERMS_TOTAL_CAPITA":145.72376659435034}
{"_id":{"$oid":"59cbe5be150aa223f053b01c"},"COMMUNITY_AREA_NAME":"Ashburn","KWH_JANUARY_2010":8275981,"KWH_FEBRUARY_2010":7990425,"KWH_MARCH_2010":7659934,"KWH_APRIL_2010":7809024,"KWH_MAY_2010":10587055,"KWH_JUNE_2010":15397453,"KWH_JULY_2010":16813364,"KWH_AUGUST_2010":12934021,"KWH_SEPTEMBER_2010":9152867,"KWH_OCTOBER_2010":8552556,"KWH_NOVEMBER_2010":11837657,"KWH_DECEMBER_2010":13135786,"TOTAL_KWH":130146123,"ZERO_KWH_ACCOUNTS":1371,"THERM_JANUARY_2010":3263420,"THERM_FEBRUARY_2010":2795244,"THERM_MARCH_2010":2660875,"THERM_APRIL_2010":1462919,"THERM_MAY_2010":754800,"THERM_JUNE_2010":531469,"THERM_JULY_2010":314688,"THERM_AUGUST_2010":327062,"THERM_SEPTEMBER_2010":299909,"THERM_OCTOBER_2010":379368,"THERM_NOVEMBER_2010":699777,"THERM_DECEMBER_2010":1768249,"TOTAL_THERMS":15257780,"KWH_TOTAL_SQFT":8.345007373,"THERMS_TOTAL_SQFT":0.98275801,"TOTAL_POPULATION":48632,"TOTAL_UNITS":16163,"OCCUPIED_UNITS":15282,"RENTER_OCCUPIED_HOUSING_UNITS":2537,"OCCUPIED_HOUSING_UNITS":15282,"COMMUNITY_AREA_NUMBER":70,"KWH_TOTAL_SQMETERS":89.82495046,"THERMS_TOTAL_SQMETERS":10.57832373,"KWH_TOTAL_CAPITA":2676.1416968251356,"THERMS_TOTAL_CAPITA":313.73951307780885}
{"_id":{"$oid":"59cbe5be150aa223f053b01e"},"COMMUNITY_AREA_NAME":"Austin","KWH_JANUARY_2010":16592467,"KWH_FEBRUARY_2010":19690785,"KWH_MARCH_2010":19385903,"KWH_APRIL_2010":18224967,"KWH_MAY_2010":21360631,"KWH_JUNE_2010":25762441,"KWH_JULY_2010":29749658,"KWH_AUGUST_2010":29847247,"KWH_SEPTEMBER_2010":23797603,"KWH_OCTOBER_2010":20809310,"KWH_NOVEMBER_2010":25649738,"KWH_DECEMBER_2010":31002819,"TOTAL_KWH":281873569,"ZERO_KWH_ACCOUNTS":12484,"THERM_JANUARY_2010":8003950,"THERM_FEBRUARY_2010":7255546,"THERM_MARCH_2010":5402503,"THERM_APRIL_2010":3006678,"THERM_MAY_2010":1971775,"THERM_JUNE_2010":1069945,"THERM_JULY_2010":907294,"THERM_AUGUST_2010":855860,"THERM_SEPTEMBER_2010":850645,"THERM_OCTOBER_2010":1225769,"THERM_NOVEMBER_2010":2784823,"THERM_DECEMBER_2010":6587857,"TOTAL_THERMS":39922645,"KWH_TOTAL_SQFT":6.870989978,"THERMS_TOTAL_SQFT":1.00772657,"TOTAL_POPULATION":199894,"TOTAL_UNITS":78075,"OCCUPIED_UNITS":66870,"RENTER_OCCUPIED_HOUSING_UNITS":42299,"OCCUPIED_HOUSING_UNITS":66870,"COMMUNITY_AREA_NUMBER":25,"KWH_TOTAL_SQMETERS":73.95875245,"THERMS_TOTAL_SQMETERS":10.84708319,"KWH_TOTAL_CAPITA":1410.1152060592115,"THERMS_TOTAL_CAPITA":199.71907611033848}
{"_id":{"$oid":"59cbe5be150aa223f053b01d"},"COMMUNITY_AREA_NAME":"Auburn Gresham","KWH_JANUARY_2010":7396052,"KWH_FEBRUARY_2010":7568264,"KWH_MARCH_2010":7362328,"KWH_APRIL_2010":7200281,"KWH_MAY_2010":8795934,"KWH_JUNE_2010":11950778,"KWH_JULY_2010":12833139,"KWH_AUGUST_2010":10698893,"KWH_SEPTEMBER_2010":8173923,"KWH_OCTOBER_2010":8533138,"KWH_NOVEMBER_2010":11817778,"KWH_DECEMBER_2010":13514864,"TOTAL_KWH":115845372,"ZERO_KWH_ACCOUNTS":5250,"THERM_JANUARY_2010":4405949,"THERM_FEBRUARY_2010":4073872,"THERM_MARCH_2010":3156694,"THERM_APRIL_2010":1718910,"THERM_MAY_2010":1045187,"THERM_JUNE_2010":549911,"THERM_JULY_2010":374892,"THERM_AUGUST_2010":361769,"THERM_SEPTEMBER_2010":376273,"THERM_OCTOBER_2010":638386,"THERM_NOVEMBER_2010":1479857,"THERM_DECEMBER_2010":3724921,"TOTAL_THERMS":21906621,"KWH_TOTAL_SQFT":6.133615659,"THERMS_TOTAL_SQFT":1.21341737,"TOTAL_POPULATION":89520,"TOTAL_UNITS":37751,"OCCUPIED_UNITS":32570,"RENTER_OCCUPIED_HOUSING_UNITS":18939,"OCCUPIED_HOUSING_UNITS":32570,"COMMUNITY_AREA_NUMBER":71,"KWH_TOTAL_SQMETERS":66.02171791,"THERMS_TOTAL_SQMETERS":13.06112149,"KWH_TOTAL_CAPITA":1294.0725201072387,"THERMS_TOTAL_CAPITA":244.71203083109918}
{"_id":{"$oid":"59cbe5be150aa223f053b022"},"COMMUNITY_AREA_NAME":"Bridgeport","KWH_JANUARY_2010":4862131,"KWH_FEBRUARY_2010":5269778,"KWH_MARCH_2010":5250381,"KWH_APRIL_2010":4924818,"KWH_MAY_2010":5441314,"KWH_JUNE_2010":6961219,"KWH_JULY_2010":9786916,"KWH_AUGUST_2010":9764489,"KWH_SEPTEMBER_2010":7347678,"KWH_OCTOBER_2010":5971705,"KWH_NOVEMBER_2010":6387333,"KWH_DECEMBER_2010":8183838,"TOTAL_KWH":80151600,"ZERO_KWH_ACCOUNTS":4351,"THERM_JANUARY_2010":2460419,"THERM_FEBRUARY_2010":1350230,"THERM_MARCH_2010":2253787,"THERM_APRIL_2010":771374,"THERM_MAY_2010":503150,"THERM_JUNE_2010":358350,"THERM_JULY_2010":311637,"THERM_AUGUST_2010":319312,"THERM_SEPTEMBER_2010":323639,"THERM_OCTOBER_2010":449637,"THERM_NOVEMBER_2010":1039304,"THERM_DECEMBER_2010":2371539,"TOTAL_THERMS":12512378,"KWH_TOTAL_SQFT":5.776046224,"THERMS_TOTAL_SQFT":0.873731462,"TOTAL_POPULATION":78051,"TOTAL_UNITS":33322,"OCCUPIED_UNITS":29672,"RENTER_OCCUPIED_HOUSING_UNITS":17603,"OCCUPIED_HOUSING_UNITS":29672,"COMMUNITY_AREA_NUMBER":60,"KWH_TOTAL_SQMETERS":62.17287088,"THERMS_TOTAL_SQMETERS":9.404771237,"KWH_TOTAL_CAPITA":1026.9131721566669,"THERMS_TOTAL_CAPITA":160.31028430129018}
{"_id":{"$oid":"59cbe5be150aa223f053b027"},"COMMUNITY_AREA_NAME":"Dunning","KWH_JANUARY_2010":7537294,"KWH_FEBRUARY_2010":7457983,"KWH_MARCH_2010":7343431,"KWH_APRIL_2010":7446589,"KWH_MAY_2010":10680816,"KWH_JUNE_2010":15558083,"KWH_JULY_2010":17237243,"KWH_AUGUST_2010":12971529,"KWH_SEPTEMBER_2010":8556944,"KWH_OCTOBER_2010":7913501,"KWH_NOVEMBER_2010":11349244,"KWH_DECEMBER_2010":12811584,"TOTAL_KWH":126864241,"ZERO_KWH_ACCOUNTS":1803,"THERM_JANUARY_2010":3460980,"THERM_FEBRUARY_2010":3057847,"THERM_MARCH_2010":2412776,"THERM_APRIL_2010":1319566,"THERM_MAY_2010":844759,"THERM_JUNE_2010":505391,"THERM_JULY_2010":360460,"THERM_AUGUST_2010":337136,"THERM_SEPTEMBER_2010":333357,"THERM_OCTOBER_2010":430344,"THERM_NOVEMBER_2010":939796,"THERM_DECEMBER_2010":2408110,"TOTAL_THERMS":16410522,"KWH_TOTAL_SQFT":7.467551641,"THERMS_TOTAL_SQFT":0.943448202,"TOTAL_POPULATION":64305,"TOTAL_UNITS":25820,"OCCUPIED_UNITS":24231,"RENTER_OCCUPIED_HOUSING_UNITS":6976,"OCCUPIED_HOUSING_UNITS":24231,"COMMUNITY_AREA_NUMBER":17,"KWH_TOTAL_SQMETERS":80.38009151,"THERMS_TOTAL_SQMETERS":10.1551963,"KWH_TOTAL_CAPITA":1972.8518933208927,"THERMS_TOTAL_CAPITA":255.1982271985071}
{"_id":{"$oid":"59cbe5be150aa223f053b02c"},"COMMUNITY_AREA_NAME":"Englewood","KWH_JANUARY_2010":3783571,"KWH_FEBRUARY_2010":3897783,"KWH_MARCH_2010":3833567,"KWH_APRIL_2010":3754856,"KWH_MAY_2010":4318600,"KWH_JUNE_2010":5304791,"KWH_JULY_2010":5920474,"KWH_AUGUST_2010":5711501,"KWH_SEPTEMBER_2010":4400992,"KWH_OCTOBER_2010":4564538,"KWH_NOVEMBER_2010":5948402,"KWH_DECEMBER_2010":7158543,"TOTAL_KWH":58597618,"ZERO_KWH_ACCOUNTS":5240,"THERM_JANUARY_2010":1951085,"THERM_FEBRUARY_2010":1841445,"THERM_MARCH_2010":1273404,"THERM_APRIL_2010":689234,"THERM_MAY_2010":396671,"THERM_JUNE_2010":227648,"THERM_JULY_2010":209553,"THERM_AUGUST_2010":194688,"THERM_SEPTEMBER_2010":208421,"THERM_OCTOBER_2010":352444,"THERM_NOVEMBER_2010":826394,"THERM_DECEMBER_2010":2128788,"TOTAL_THERMS":10299775,"KWH_TOTAL_SQFT":5.470567059,"THERMS_TOTAL_SQFT":1.053874526,"TOTAL_POPULATION":59324,"TOTAL_UNITS":27268,"OCCUPIED_UNITS":19704,"RENTER_OCCUPIED_HOUSING_UNITS":14086,"OCCUPIED_HOUSING_UNITS":19704,"COMMUNITY_AREA_NUMBER":68,"KWH_TOTAL_SQMETERS":58.88471911,"THERMS_TOTAL_SQMETERS":11.34381588,"KWH_TOTAL_CAPITA":987.7556806688692,"THERMS_TOTAL_CAPITA":173.61902434090757}
{"_id":{"$oid":"59cbe5be150aa223f053b031"},"COMMUNITY_AREA_NAME":"Hermosa","KWH_JANUARY_2010":2895402,"KWH_FEBRUARY_2010":3022168,"KWH_MARCH_2010":3167606,"KWH_APRIL_2010":2891630,"KWH_MAY_2010":3405421,"KWH_JUNE_2010":4918510,"KWH_JULY_2010":5519654,"KWH_AUGUST_2010":5040110,"KWH_SEPTEMBER_2010":3491301,"KWH_OCTOBER_2010":3409695,"KWH_NOVEMBER_2010":4342292,"KWH_DECEMBER_2010":5324517,"TOTAL_KWH":47428306,"ZERO_KWH_ACCOUNTS":2631,"THERM_JANUARY_2010":1631655,"THERM_FEBRUARY_2010":1525862,"THERM_MARCH_2010":1130122,"THERM_APRIL_2010":650795,"THERM_MAY_2010":429626,"THERM_JUNE_2010":297046,"THERM_JULY_2010":277437,"THERM_AUGUST_2010":272403,"THERM_SEPTEMBER_2010":284949,"THERM_OCTOBER_2010":378753,"THERM_NOVEMBER_2010":695787,"THERM_DECEMBER_2010":1605269,"TOTAL_THERMS":9179704,"KWH_TOTAL_SQFT":6.865631762,"THERMS_TOTAL_SQFT":1.179685975,"TOTAL_POPULATION":54600,"TOTAL_UNITS":17010,"OCCUPIED_UNITS":15197,"RENTER_OCCUPIED_HOUSING_UNITS":9314,"OCCUPIED_HOUSING_UNITS":15197,"COMMUNITY_AREA_NUMBER":20,"KWH_TOTAL_SQMETERS":73.90107706,"THERMS_TOTAL_SQMETERS":12.69803962,"KWH_TOTAL_CAPITA":868.650293040293,"THERMS_TOTAL_CAPITA":168.1264468864469}
{"_id":{"$oid":"59cbe5be150aa223f053b036"},"COMMUNITY_AREA_NAME":"Lakeview","KWH_JANUARY_2010":23620458,"KWH_FEBRUARY_2010":23149265,"KWH_MARCH_2010":22281252,"KWH_APRIL_2010":22392035,"KWH_MAY_2010":29120756,"KWH_JUNE_2010":40825437,"KWH_JULY_2010":43199952,"KWH_AUGUST_2010":36930175,"KWH_SEPTEMBER_2010":27458315,"KWH_OCTOBER_2010":25773540,"KWH_NOVEMBER_2010":31442759,"KWH_DECEMBER_2010":36982604,"TOTAL_KWH":363176548,"ZERO_KWH_ACCOUNTS":16096,"THERM_JANUARY_2010":8385245,"THERM_FEBRUARY_2010":7266459,"THERM_MARCH_2010":5735811,"THERM_APRIL_2010":3183984,"THERM_MAY_2010":2049265,"THERM_JUNE_2010":1239157,"THERM_JULY_2010":1018604,"THERM_AUGUST_2010":941124,"THERM_SEPTEMBER_2010":1023595,"THERM_OCTOBER_2010":1531538,"THERM_NOVEMBER_2010":2905665,"THERM_DECEMBER_2010":6394436,"TOTAL_THERMS":41674883,"KWH_TOTAL_SQFT":5.991639902,"THERMS_TOTAL_SQFT":0.688297764,"TOTAL_POPULATION":275509,"TOTAL_UNITS":173096,"OCCUPIED_UNITS":158449,"RENTER_OCCUPIED_HOUSING_UNITS":103257,"OCCUPIED_HOUSING_UNITS":158449,"COMMUNITY_AREA_NUMBER":6,"KWH_TOTAL_SQMETERS":64.49350292,"THERMS_TOTAL_SQMETERS":7.408778661,"KWH_TOTAL_CAPITA":1318.2021204388968,"THERMS_TOTAL_CAPITA":151.26505123244613}
{"_id":{"$oid":"59cbe5be150aa223f053b03b"},"COMMUNITY_AREA_NAME":"Loop","KWH_JANUARY_2010":155442597,"KWH_FEBRUARY_2010":140013186,"KWH_MARCH_2010":128023803,"KWH_APRIL_2010":119917639,"KWH_MAY_2010":141814615,"KWH_JUNE_2010":156679762,"KWH_JULY_2010":169316085,"KWH_AUGUST_2010":157430174,"KWH_SEPTEMBER_2010":137226194,"KWH_OCTOBER_2010":124815385,"KWH_NOVEMBER_2010":153847744,"KWH_DECEMBER_2010":188099460,"TOTAL_KWH":1772626644,"ZERO_KWH_ACCOUNTS":5992,"THERM_JANUARY_2010":7033516,"THERM_FEBRUARY_2010":5578341,"THERM_MARCH_2010":4251183,"THERM_APRIL_2010":2516492,"THERM_MAY_2010":1902213,"THERM_JUNE_2010":1394885,"THERM_JULY_2010":1372769,"THERM_AUGUST_2010":1489189,"THERM_SEPTEMBER_2010":1407313,"THERM_OCTOBER_2010":1834334,"THERM_NOVEMBER_2010":3411753,"THERM_DECEMBER_2010":6445745,"TOTAL_THERMS":38637733,"KWH_TOTAL_SQFT":13.59648879,"THERMS_TOTAL_SQFT":0.354854866,"TOTAL_POPULATION":28094,"TOTAL_UNITS":19783,"OCCUPIED_UNITS":15268,"RENTER_OCCUPIED_HOUSING_UNITS":9043,"OCCUPIED_HOUSING_UNITS":15268,"COMMUNITY_AREA_NUMBER":32,"KWH_TOTAL_SQMETERS":146.3514503,"THERMS_TOTAL_SQMETERS":3.819627634,"KWH_TOTAL_CAPITA":63096.27123229159,"THERMS_TOTAL_CAPITA":1375.301950594433}
{"_id":{"$oid":"59cbe5be150aa223f053b021"},"COMMUNITY_AREA_NAME":"Beverly","KWH_JANUARY_2010":5064396,"KWH_FEBRUARY_2010":5315790,"KWH_MARCH_2010":4867649,"KWH_APRIL_2010":5168376,"KWH_MAY_2010":7113582,"KWH_JUNE_2010":10415618,"KWH_JULY_2010":10164235,"KWH_AUGUST_2010":7344778,"KWH_SEPTEMBER_2010":5680622,"KWH_OCTOBER_2010":5377384,"KWH_NOVEMBER_2010":8430592,"KWH_DECEMBER_2010":7725255,"TOTAL_KWH":82668277,"ZERO_KWH_ACCOUNTS":836,"THERM_JANUARY_2010":2527649,"THERM_FEBRUARY_2010":2126136,"THERM_MARCH_2010":1791726,"THERM_APRIL_2010":876393,"THERM_MAY_2010":535855,"THERM_JUNE_2010":283341,"THERM_JULY_2010":185748,"THERM_AUGUST_2010":182678,"THERM_SEPTEMBER_2010":180945,"THERM_OCTOBER_2010":267665,"THERM_NOVEMBER_2010":671459,"THERM_DECEMBER_2010":1703808,"TOTAL_THERMS":11333403,"KWH_TOTAL_SQFT":6.729547391,"THERMS_TOTAL_SQFT":0.921377499,"TOTAL_POPULATION":31157,"TOTAL_UNITS":13541,"OCCUPIED_UNITS":12817,"RENTER_OCCUPIED_HOUSING_UNITS":4224,"OCCUPIED_HOUSING_UNITS":12817,"COMMUNITY_AREA_NUMBER":72,"KWH_TOTAL_SQMETERS":72.43627645,"THERMS_TOTAL_SQMETERS":9.917629125,"KWH_TOTAL_CAPITA":2653.281028340341,"THERMS_TOTAL_CAPITA":363.75142022659435}
{"_id":{"$oid":"59cbe5be150aa223f053b040"},"COMMUNITY_AREA_NAME":"Near West Side","KWH_JANUARY_2010":56056590,"KWH_FEBRUARY_2010":55263643,"KWH_MARCH_2010":47747605,"KWH_APRIL_2010":47052984,"KWH_MAY_2010":51613590,"KWH_JUNE_2010":58952459,"KWH_JULY_2010":62052231,"KWH_AUGUST_2010":60381040,"KWH_SEPTEMBER_2010":56433146,"KWH_OCTOBER_2010":49724455,"KWH_NOVEMBER_2010":54893906,"KWH_DECEMBER_2010":68597363,"TOTAL_KWH":668769012,"ZERO_KWH_ACCOUNTS":7794,"THERM_JANUARY_2010":4693241,"THERM_FEBRUARY_2010":3593421,"THERM_MARCH_2010":3344377,"THERM_APRIL_2010":1760646,"THERM_MAY_2010":1248379,"THERM_JUNE_2010":941475,"THERM_JULY_2010":867231,"THERM_AUGUST_2010":865155,"THERM_SEPTEMBER_2010":811187,"THERM_OCTOBER_2010":1003889,"THERM_NOVEMBER_2010":1641722,"THERM_DECEMBER_2010":3676794,"TOTAL_THERMS":24447517,"KWH_TOTAL_SQFT":13.17671024,"THERMS_TOTAL_SQFT":0.548825156,"TOTAL_POPULATION":95800,"TOTAL_UNITS":49552,"OCCUPIED_UNITS":43868,"RENTER_OCCUPIED_HOUSING_UNITS":26838,"OCCUPIED_HOUSING_UNITS":43868,"COMMUNITY_AREA_NUMBER":28,"KWH_TOTAL_SQMETERS":141.8329896,"THERMS_TOTAL_SQMETERS":5.907507355,"KWH_TOTAL_CAPITA":6980.88739039666,"THERMS_TOTAL_CAPITA":255.19328810020878}
{"_id":{"$oid":"59cbe5be150aa223f053b045"},"COMMUNITY_AREA_NAME":"Norwood Park","KWH_JANUARY_2010":8131503,"KWH_FEBRUARY_2010":7824542,"KWH_MARCH_2010":7496217,"KWH_APRIL_2010":8300846,"KWH_MAY_2010":12235367,"KWH_JUNE_2010":17738819,"KWH_JULY_2010":16988620,"KWH_AUGUST_2010":12019211,"KWH_SEPTEMBER_2010":8177789,"KWH_OCTOBER_2010":8473411,"KWH_NOVEMBER_2010":12996789,"KWH_DECEMBER_2010":11899758,"TOTAL_KWH":132282872,"ZERO_KWH_ACCOUNTS":1232,"THERM_JANUARY_2010":3387221,"THERM_FEBRUARY_2010":2959377,"THERM_MARCH_2010":2476762,"THERM_APRIL_2010":1352715,"THERM_MAY_2010":807261,"THERM_JUNE_2010":482454,"THERM_JULY_2010":327492,"THERM_AUGUST_2010":291337,"THERM_SEPTEMBER_2010":304223,"THERM_OCTOBER_2010":392903,"THERM_NOVEMBER_2010":867907,"THERM_DECEMBER_2010":2208892,"TOTAL_THERMS":15858544,"KWH_TOTAL_SQFT":7.359568129,"THERMS_TOTAL_SQFT":0.908644015,"TOTAL_POPULATION":52674,"TOTAL_UNITS":23162,"OCCUPIED_UNITS":21768,"RENTER_OCCUPIED_HOUSING_UNITS":5433,"OCCUPIED_HOUSING_UNITS":21768,"COMMUNITY_AREA_NUMBER":10,"KWH_TOTAL_SQMETERS":79.21776616,"THERMS_TOTAL_SQMETERS":9.780566987,"KWH_TOTAL_CAPITA":2511.350419561833,"THERMS_TOTAL_CAPITA":301.06967384288265}
{"_id":{"$oid":"59cbe5be150aa223f053b026"},"COMMUNITY_AREA_NAME":"Clearing","KWH_JANUARY_2010":6050225,"KWH_FEBRUARY_2010":5787645,"KWH_MARCH_2010":5317129,"KWH_APRIL_2010":5211694,"KWH_MAY_2010":6900174,"KWH_JUNE_2010":9365714,"KWH_JULY_2010":10936000,"KWH_AUGUST_2010":9490345,"KWH_SEPTEMBER_2010":6402344,"KWH_OCTOBER_2010":5734020,"KWH_NOVEMBER_2010":7338960,"KWH_DECEMBER_2010":8694080,"TOTAL_KWH":87228330,"ZERO_KWH_ACCOUNTS":1335,"THERM_JANUARY_2010":1926780,"THERM_FEBRUARY_2010":1728907,"THERM_MARCH_2010":1281091,"THERM_APRIL_2010":701849,"THERM_MAY_2010":415020,"THERM_JUNE_2010":257990,"THERM_JULY_2010":213771,"THERM_AUGUST_2010":213697,"THERM_SEPTEMBER_2010":208387,"THERM_OCTOBER_2010":258694,"THERM_NOVEMBER_2010":554733,"THERM_DECEMBER_2010":1469511,"TOTAL_THERMS":9230430,"KWH_TOTAL_SQFT":8.239332491,"THERMS_TOTAL_SQFT":0.901695098,"TOTAL_POPULATION":34690,"TOTAL_UNITS":14358,"OCCUPIED_UNITS":13251,"RENTER_OCCUPIED_HOUSING_UNITS":4850,"OCCUPIED_HOUSING_UNITS":13251,"COMMUNITY_AREA_NUMBER":64,"KWH_TOTAL_SQMETERS":88.68747501,"THERMS_TOTAL_SQMETERS":9.705769437,"KWH_TOTAL_CAPITA":2514.509368694148,"THERMS_TOTAL_CAPITA":266.08330931104064}
{"_id":{"$oid":"59cbe5be150aa223f053b04a"},"COMMUNITY_AREA_NAME":"Riverdale","KWH_JANUARY_2010":2179271,"KWH_FEBRUARY_2010":2232874,"KWH_MARCH_2010":2151699,"KWH_APRIL_2010":2218911,"KWH_MAY_2010":2451684,"KWH_JUNE_2010":2606987,"KWH_JULY_2010":2684339,"KWH_AUGUST_2010":2686902,"KWH_SEPTEMBER_2010":2343884,"KWH_OCTOBER_2010":2242338,"KWH_NOVEMBER_2010":2547879,"KWH_DECEMBER_2010":2578806,"TOTAL_KWH":28925574,"ZERO_KWH_ACCOUNTS":356,"THERM_JANUARY_2010":521872,"THERM_FEBRUARY_2010":520761,"THERM_MARCH_2010":445089,"THERM_APRIL_2010":367018,"THERM_MAY_2010":221024,"THERM_JUNE_2010":199815,"THERM_JULY_2010":214143,"THERM_AUGUST_2010":211612,"THERM_SEPTEMBER_2010":208768,"THERM_OCTOBER_2010":258393,"THERM_NOVEMBER_2010":316283,"THERM_DECEMBER_2010":523658,"TOTAL_THERMS":4008436,"KWH_TOTAL_SQFT":20.68358074,"THERMS_TOTAL_SQFT":2.262782796,"TOTAL_POPULATION":7434,"TOTAL_UNITS":2771,"OCCUPIED_UNITS":2371,"RENTER_OCCUPIED_HOUSING_UNITS":1958,"OCCUPIED_HOUSING_UNITS":2371,"COMMUNITY_AREA_NUMBER":54,"KWH_TOTAL_SQMETERS":222.6363061,"THERMS_TOTAL_SQMETERS":24.35640179,"KWH_TOTAL_CAPITA":3890.9838579499597,"THERMS_TOTAL_CAPITA":539.2031207963412}
{"_id":{"$oid":"59cbe5be150aa223f053b02b"},"COMMUNITY_AREA_NAME":"Edison Park","KWH_JANUARY_2010":2078038,"KWH_FEBRUARY_2010":2208620,"KWH_MARCH_2010":2208264,"KWH_APRIL_2010":2462424,"KWH_MAY_2010":3332633,"KWH_JUNE_2010":4802595,"KWH_JULY_2010":5103661,"KWH_AUGUST_2010":3461753,"KWH_SEPTEMBER_2010":2349014,"KWH_OCTOBER_2010":2658258,"KWH_NOVEMBER_2010":3321657,"KWH_DECEMBER_2010":3519497,"TOTAL_KWH":37506414,"ZERO_KWH_ACCOUNTS":401,"THERM_JANUARY_2010":1195156,"THERM_FEBRUARY_2010":949687,"THERM_MARCH_2010":803519,"THERM_APRIL_2010":447096,"THERM_MAY_2010":274455,"THERM_JUNE_2010":153396,"THERM_JULY_2010":115079,"THERM_AUGUST_2010":97043,"THERM_SEPTEMBER_2010":99550,"THERM_OCTOBER_2010":136251,"THERM_NOVEMBER_2010":306959,"THERM_DECEMBER_2010":732232,"TOTAL_THERMS":5310423,"KWH_TOTAL_SQFT":6.734295078,"THERMS_TOTAL_SQFT":0.897527129,"TOTAL_POPULATION":16035,"TOTAL_UNITS":7950,"OCCUPIED_UNITS":7487,"RENTER_OCCUPIED_HOUSING_UNITS":2258,"OCCUPIED_HOUSING_UNITS":7487,"COMMUNITY_AREA_NUMBER":9,"KWH_TOTAL_SQMETERS":72.48738014,"THERMS_TOTAL_SQMETERS":9.660905777,"KWH_TOTAL_CAPITA":2339.0342376052386,"THERMS_TOTAL_CAPITA":331.17698783910197}
{"_id":{"$oid":"59cbe5be150aa223f053b04f"},"COMMUNITY_AREA_NAME":"South Shore","KWH_JANUARY_2010":6161772,"KWH_FEBRUARY_2010":6295370,"KWH_MARCH_2010":6191177,"KWH_APRIL_2010":5977273,"KWH_MAY_2010":6727340,"KWH_JUNE_2010":9030909,"KWH_JULY_2010":10129842,"KWH_AUGUST_2010":8963242,"KWH_SEPTEMBER_2010":7036129,"KWH_OCTOBER_2010":7346707,"KWH_NOVEMBER_2010":9514681,"KWH_DECEMBER_2010":11615021,"TOTAL_KWH":94989463,"ZERO_KWH_ACCOUNTS":9462,"THERM_JANUARY_2010":4834143,"THERM_FEBRUARY_2010":3936017,"THERM_MARCH_2010":3502085,"THERM_APRIL_2010":2130885,"THERM_MAY_2010":1340983,"THERM_JUNE_2010":734159,"THERM_JULY_2010":594827,"THERM_AUGUST_2010":472400,"THERM_SEPTEMBER_2010":517179,"THERM_OCTOBER_2010":721504,"THERM_NOVEMBER_2010":1591842,"THERM_DECEMBER_2010":3248815,"TOTAL_THERMS":23624839,"KWH_TOTAL_SQFT":4.185576762,"THERMS_TOTAL_SQFT":0.99610977,"TOTAL_POPULATION":130845,"TOTAL_UNITS":72897,"OCCUPIED_UNITS":58996,"RENTER_OCCUPIED_HOUSING_UNITS":45721,"OCCUPIED_HOUSING_UNITS":58996,"COMMUNITY_AREA_NUMBER":43,"KWH_TOTAL_SQMETERS":45.05319271,"THERMS_TOTAL_SQMETERS":10.72204094,"KWH_TOTAL_CAPITA":725.969375979212,"THERMS_TOTAL_CAPITA":180.55591730673697}
{"_id":{"$oid":"59cbe5be150aa223f053b030"},"COMMUNITY_AREA_NAME":"Greater Grand Crossing","KWH_JANUARY_2010":4189884,"KWH_FEBRUARY_2010":4521331,"KWH_MARCH_2010":4389817,"KWH_APRIL_2010":4319977,"KWH_MAY_2010":4966887,"KWH_JUNE_2010":6635244,"KWH_JULY_2010":7169841,"KWH_AUGUST_2010":6569200,"KWH_SEPTEMBER_2010":5003790,"KWH_OCTOBER_2010":5222469,"KWH_NOVEMBER_2010":6712617,"KWH_DECEMBER_2010":8163035,"TOTAL_KWH":67864092,"ZERO_KWH_ACCOUNTS":4986,"THERM_JANUARY_2010":2523566,"THERM_FEBRUARY_2010":2302827,"THERM_MARCH_2010":1798329,"THERM_APRIL_2010":978300,"THERM_MAY_2010":632353,"THERM_JUNE_2010":317593,"THERM_JULY_2010":206691,"THERM_AUGUST_2010":192382,"THERM_SEPTEMBER_2010":209002,"THERM_OCTOBER_2010":341423,"THERM_NOVEMBER_2010":837325,"THERM_DECEMBER_2010":2124915,"TOTAL_THERMS":12464706,"KWH_TOTAL_SQFT":5.356821836,"THERMS_TOTAL_SQFT":1.061914437,"TOTAL_POPULATION":69092,"TOTAL_UNITS":33037,"OCCUPIED_UNITS":26395,"RENTER_OCCUPIED_HOUSING_UNITS":17524,"OCCUPIED_HOUSING_UNITS":26395,"COMMUNITY_AREA_NUMBER":69,"KWH_TOTAL_SQMETERS":57.66037519,"THERMS_TOTAL_SQMETERS":11.43035679,"KWH_TOTAL_CAPITA":982.2279279800845,"THERMS_TOTAL_CAPITA":180.4073698836334}
{"_id":{"$oid":"59cbe5be150aa223f053b035"},"COMMUNITY_AREA_NAME":"Jefferson Park","KWH_JANUARY_2010":5400348,"KWH_FEBRUARY_2010":5433955,"KWH_MARCH_2010":5320595,"KWH_APRIL_2010":5597195,"KWH_MAY_2010":7556971,"KWH_JUNE_2010":11152609,"KWH_JULY_2010":11334325,"KWH_AUGUST_2010":8213406,"KWH_SEPTEMBER_2010":5917764,"KWH_OCTOBER_2010":6303097,"KWH_NOVEMBER_2010":8680354,"KWH_DECEMBER_2010":7937814,"TOTAL_KWH":88848433,"ZERO_KWH_ACCOUNTS":1446,"THERM_JANUARY_2010":2286334,"THERM_FEBRUARY_2010":2051968,"THERM_MARCH_2010":1601971,"THERM_APRIL_2010":970691,"THERM_MAY_2010":516292,"THERM_JUNE_2010":326218,"THERM_JULY_2010":232100,"THERM_AUGUST_2010":210611,"THERM_SEPTEMBER_2010":212246,"THERM_OCTOBER_2010":296619,"THERM_NOVEMBER_2010":654366,"THERM_DECEMBER_2010":1552871,"TOTAL_THERMS":10912287,"KWH_TOTAL_SQFT":7.344417772,"THERMS_TOTAL_SQFT":0.869867304,"TOTAL_POPULATION":46726,"TOTAL_UNITS":20916,"OCCUPIED_UNITS":19112,"RENTER_OCCUPIED_HOUSING_UNITS":7828,"OCCUPIED_HOUSING_UNITS":19112,"COMMUNITY_AREA_NUMBER":11,"KWH_TOTAL_SQMETERS":79.054689,"THERMS_TOTAL_SQMETERS":9.363177767,"KWH_TOTAL_CAPITA":1901.4774001626504,"THERMS_TOTAL_CAPITA":233.5377948037495}
{"_id":{"$oid":"59cbe5be150aa223f053b054"},"COMMUNITY_AREA_NAME":"Albany Park","KWH_JANUARY_2010":5879143,"KWH_FEBRUARY_2010":6208694,"KWH_MARCH_2010":6089040,"KWH_APRIL_2010":6071631,"KWH_MAY_2010":7955003,"KWH_JUNE_2010":11291477,"KWH_JULY_2010":12115094,"KWH_AUGUST_2010":9501095,"KWH_SEPTEMBER_2010":6942966,"KWH_OCTOBER_2010":7034807,"KWH_NOVEMBER_2010":9792514,"KWH_DECEMBER_2010":10519746,"TOTAL_KWH":99401210,"ZERO_KWH_ACCOUNTS":5119,"THERM_JANUARY_2010":3377174,"THERM_FEBRUARY_2010":2879882,"THERM_MARCH_2010":2409304,"THERM_APRIL_2010":1312302,"THERM_MAY_2010":855894,"THERM_JUNE_2010":501814,"THERM_JULY_2010":399148,"THERM_AUGUST_2010":351118,"THERM_SEPTEMBER_2010":371945,"THERM_OCTOBER_2010":443982,"THERM_NOVEMBER_2010":882409,"THERM_DECEMBER_2010":2269788,"TOTAL_THERMS":16054760,"KWH_TOTAL_SQFT":5.881601026,"THERMS_TOTAL_SQFT":0.950077209,"TOTAL_POPULATION":125348,"TOTAL_UNITS":44353,"OCCUPIED_UNITS":40049,"RENTER_OCCUPIED_HOUSING_UNITS":25580,"OCCUPIED_HOUSING_UNITS":40049,"COMMUNITY_AREA_NUMBER":14,"KWH_TOTAL_SQMETERS":63.30905381,"THERMS_TOTAL_SQMETERS":10.22655037,"KWH_TOTAL_CAPITA":793.001962536299,"THERMS_TOTAL_CAPITA":128.081501100935}
{"_id":{"$oid":"59cbe5be150aa223f053b03a"},"COMMUNITY_AREA_NAME":"Near North Side","KWH_JANUARY_2010":116822389,"KWH_FEBRUARY_2010":108201258,"KWH_MARCH_2010":95035429,"KWH_APRIL_2010":89992831,"KWH_MAY_2010":105295890,"KWH_JUNE_2010":122162761,"KWH_JULY_2010":132797327,"KWH_AUGUST_2010":127670210,"KWH_SEPTEMBER_2010":109530399,"KWH_OCTOBER_2010":95511655,"KWH_NOVEMBER_2010":117102998,"KWH_DECEMBER_2010":146130687,"TOTAL_KWH":1366253834,"ZERO_KWH_ACCOUNTS":11447,"THERM_JANUARY_2010":8005052,"THERM_FEBRUARY_2010":6685491,"THERM_MARCH_2010":5207848,"THERM_APRIL_2010":3202301,"THERM_MAY_2010":2402591,"THERM_JUNE_2010":1659082,"THERM_JULY_2010":1837210,"THERM_AUGUST_2010":1895683,"THERM_SEPTEMBER_2010":1582610,"THERM_OCTOBER_2010":2364829,"THERM_NOVEMBER_2010":3963046,"THERM_DECEMBER_2010":7166887,"TOTAL_THERMS":45972630,"KWH_TOTAL_SQFT":11.22679704,"THERMS_TOTAL_SQFT":0.454693565,"TOTAL_POPULATION":139036,"TOTAL_UNITS":105825,"OCCUPIED_UNITS":90176,"RENTER_OCCUPIED_HOUSING_UNITS":47338,"OCCUPIED_HOUSING_UNITS":90176,"COMMUNITY_AREA_NUMBER":8,"KWH_TOTAL_SQMETERS":120.8442896,"THERMS_TOTAL_SQMETERS":4.89428291,"KWH_TOTAL_CAPITA":9826.619249690728,"THERMS_TOTAL_CAPITA":330.6527086509969}
{"_id":{"$oid":"59cbe5be150aa223f053b03f"},"COMMUNITY_AREA_NAME":"Morgan Park","KWH_JANUARY_2010":4906059,"KWH_FEBRUARY_2010":4607326,"KWH_MARCH_2010":4443578,"KWH_APRIL_2010":4668334,"KWH_MAY_2010":6736259,"KWH_JUNE_2010":8903101,"KWH_JULY_2010":8581939,"KWH_AUGUST_2010":6298651,"KWH_SEPTEMBER_2010":4558934,"KWH_OCTOBER_2010":5536386,"KWH_NOVEMBER_2010":7268530,"KWH_DECEMBER_2010":7319680,"TOTAL_KWH":73828777,"ZERO_KWH_ACCOUNTS":1507,"THERM_JANUARY_2010":2163907,"THERM_FEBRUARY_2010":1975064,"THERM_MARCH_2010":1489903,"THERM_APRIL_2010":732901,"THERM_MAY_2010":489186,"THERM_JUNE_2010":223859,"THERM_JULY_2010":181355,"THERM_AUGUST_2010":171292,"THERM_SEPTEMBER_2010":173400,"THERM_OCTOBER_2010":270249,"THERM_NOVEMBER_2010":699116,"THERM_DECEMBER_2010":1800574,"TOTAL_THERMS":10370806,"KWH_TOTAL_SQFT":7.185492228,"THERMS_TOTAL_SQFT":1.061871694,"TOTAL_POPULATION":31686,"TOTAL_UNITS":12962,"OCCUPIED_UNITS":11888,"RENTER_OCCUPIED_HOUSING_UNITS":3850,"OCCUPIED_HOUSING_UNITS":11888,"COMMUNITY_AREA_NUMBER":75,"KWH_TOTAL_SQMETERS":77.34402795,"THERMS_TOTAL_SQMETERS":11.42989671,"KWH_TOTAL_CAPITA":2330.0125291927034,"THERMS_TOTAL_CAPITA":327.2993119989901}
{"_id":{"$oid":"59cbe5be150aa223f053b059"},"COMMUNITY_AREA_NAME":"Woodlawn","KWH_JANUARY_2010":14534185,"KWH_FEBRUARY_2010":13805994,"KWH_MARCH_2010":10598711,"KWH_APRIL_2010":10231789,"KWH_MAY_2010":9808793,"KWH_JUNE_2010":11791782,"KWH_JULY_2010":11397821,"KWH_AUGUST_2010":12991413,"KWH_SEPTEMBER_2010":13485253,"KWH_OCTOBER_2010":11919839,"KWH_NOVEMBER_2010":13030301,"KWH_DECEMBER_2010":18095184,"TOTAL_KWH":151691065,"ZERO_KWH_ACCOUNTS":4416,"THERM_JANUARY_2010":1644518,"THERM_FEBRUARY_2010":1394845,"THERM_MARCH_2010":1321365,"THERM_APRIL_2010":722833,"THERM_MAY_2010":447884,"THERM_JUNE_2010":262251,"THERM_JULY_2010":159570,"THERM_AUGUST_2010":129257,"THERM_SEPTEMBER_2010":155039,"THERM_OCTOBER_2010":220626,"THERM_NOVEMBER_2010":469814,"THERM_DECEMBER_2010":1041182,"TOTAL_THERMS":7969184,"KWH_TOTAL_SQFT":15.56542079,"THERMS_TOTAL_SQFT":0.88384137,"TOTAL_POPULATION":54138,"TOTAL_UNITS":28863,"OCCUPIED_UNITS":22816,"RENTER_OCCUPIED_HOUSING_UNITS":16865,"OCCUPIED_HOUSING_UNITS":22816,"COMMUNITY_AREA_NUMBER":42,"KWH_TOTAL_SQMETERS":167.5448671,"THERMS_TOTAL_SQMETERS":9.513593431,"KWH_TOTAL_CAPITA":2801.933300084968,"THERMS_TOTAL_CAPITA":147.20130038050908}
{"_id":{"$oid":"59cbe5be150aa223f053b044"},"COMMUNITY_AREA_NAME":"North Park","KWH_JANUARY_2010":5850118,"KWH_FEBRUARY_2010":5724219,"KWH_MARCH_2010":5433119,"KWH_APRIL_2010":6060804,"KWH_MAY_2010":7444108,"KWH_JUNE_2010":9518835,"KWH_JULY_2010":9127149,"KWH_AUGUST_2010":7734572,"KWH_SEPTEMBER_2010":5886557,"KWH_OCTOBER_2010":5908905,"KWH_NOVEMBER_2010":7967016,"KWH_DECEMBER_2010":7552740,"TOTAL_KWH":84208142,"ZERO_KWH_ACCOUNTS":1288,"THERM_JANUARY_2010":1673362,"THERM_FEBRUARY_2010":1363956,"THERM_MARCH_2010":1109780,"THERM_APRIL_2010":634122,"THERM_MAY_2010":375668,"THERM_JUNE_2010":214882,"THERM_JULY_2010":185716,"THERM_AUGUST_2010":157571,"THERM_SEPTEMBER_2010":163465,"THERM_OCTOBER_2010":220099,"THERM_NOVEMBER_2010":500488,"THERM_DECEMBER_2010":1135729,"TOTAL_THERMS":7734838,"KWH_TOTAL_SQFT":8.782611235,"THERMS_TOTAL_SQFT":0.838109411,"TOTAL_POPULATION":35404,"TOTAL_UNITS":13944,"OCCUPIED_UNITS":12756,"RENTER_OCCUPIED_HOUSING_UNITS":6570,"OCCUPIED_HOUSING_UNITS":12756,"COMMUNITY_AREA_NUMBER":13,"KWH_TOTAL_SQMETERS":94.53528126,"THERMS_TOTAL_SQMETERS":9.021338503,"KWH_TOTAL_CAPITA":2378.492317252288,"THERMS_TOTAL_CAPITA":218.47356230934358}
{"_id":{"$oid":"59cbe5be150aa223f053b05e"},"COMMUNITY_AREA_NAME":"West Pullman","KWH_JANUARY_2010":2873577,"KWH_FEBRUARY_2010":4473131,"KWH_MARCH_2010":4316648,"KWH_APRIL_2010":4547718,"KWH_MAY_2010":5093098,"KWH_JUNE_2010":6278503,"KWH_JULY_2010":8134143,"KWH_AUGUST_2010":7764304,"KWH_SEPTEMBER_2010":5678378,"KWH_OCTOBER_2010":5115994,"KWH_NOVEMBER_2010":6110975,"KWH_DECEMBER_2010":8003458,"TOTAL_KWH":68389927,"ZERO_KWH_ACCOUNTS":3020,"THERM_JANUARY_2010":2202056,"THERM_FEBRUARY_2010":2075458,"THERM_MARCH_2010":1496990,"THERM_APRIL_2010":804548,"THERM_MAY_2010":529023,"THERM_JUNE_2010":236257,"THERM_JULY_2010":191114,"THERM_AUGUST_2010":189795,"THERM_SEPTEMBER_2010":181394,"THERM_OCTOBER_2010":301329,"THERM_NOVEMBER_2010":737225,"THERM_DECEMBER_2010":1867944,"TOTAL_THERMS":10813133,"KWH_TOTAL_SQFT":7.017138191,"THERMS_TOTAL_SQFT":1.137218746,"TOTAL_POPULATION":43255,"TOTAL_UNITS":16643,"OCCUPIED_UNITS":13860,"RENTER_OCCUPIED_HOUSING_UNITS":6135,"OCCUPIED_HOUSING_UNITS":13860,"COMMUNITY_AREA_NUMBER":53,"KWH_TOTAL_SQMETERS":75.53187939,"THERMS_TOTAL_SQMETERS":12.24092598,"KWH_TOTAL_CAPITA":1581.0872037914692,"THERMS_TOTAL_CAPITA":249.98573575309211}
{"_id":{"$oid":"59cbe5be150aa223f053b049"},"COMMUNITY_AREA_NAME":"Pullman","KWH_JANUARY_2010":3395497,"KWH_FEBRUARY_2010":3752612,"KWH_MARCH_2010":3665581,"KWH_APRIL_2010":3681292,"KWH_MAY_2010":4129983,"KWH_JUNE_2010":4942406,"KWH_JULY_2010":4766812,"KWH_AUGUST_2010":4129078,"KWH_SEPTEMBER_2010":3541592,"KWH_OCTOBER_2010":3729632,"KWH_NOVEMBER_2010":4878773,"KWH_DECEMBER_2010":4692954,"TOTAL_KWH":49306212,"ZERO_KWH_ACCOUNTS":723,"THERM_JANUARY_2010":1000617,"THERM_FEBRUARY_2010":925855,"THERM_MARCH_2010":733862,"THERM_APRIL_2010":467589,"THERM_MAY_2010":332291,"THERM_JUNE_2010":248117,"THERM_JULY_2010":192908,"THERM_AUGUST_2010":162477,"THERM_SEPTEMBER_2010":167471,"THERM_OCTOBER_2010":202488,"THERM_NOVEMBER_2010":350623,"THERM_DECEMBER_2010":710748,"TOTAL_THERMS":5495046,"KWH_TOTAL_SQFT":9.065925058,"THERMS_TOTAL_SQFT":0.937445686,"TOTAL_POPULATION":10126,"TOTAL_UNITS":4795,"OCCUPIED_UNITS":4116,"RENTER_OCCUPIED_HOUSING_UNITS":2197,"OCCUPIED_HOUSING_UNITS":4116,"COMMUNITY_AREA_NUMBER":50,"KWH_TOTAL_SQMETERS":97.58484719,"THERMS_TOTAL_SQMETERS":10.09058573,"KWH_TOTAL_CAPITA":4869.268417934031,"THERMS_TOTAL_CAPITA":542.6669958522615}
{"_id":{"$oid":"59cbe5be150aa223f053b023"},"COMMUNITY_AREA_NAME":"Brighton Park","KWH_JANUARY_2010":6518711,"KWH_FEBRUARY_2010":6688615,"KWH_MARCH_2010":6089899,"KWH_APRIL_2010":5976163,"KWH_MAY_2010":6730421,"KWH_JUNE_2010":8550152,"KWH_JULY_2010":10636590,"KWH_AUGUST_2010":10726014,"KWH_SEPTEMBER_2010":7836794,"KWH_OCTOBER_2010":6574661,"KWH_NOVEMBER_2010":7915818,"KWH_DECEMBER_2010":9424255,"TOTAL_KWH":93668093,"ZERO_KWH_ACCOUNTS":3986,"THERM_JANUARY_2010":2886527,"THERM_FEBRUARY_2010":2338836,"THERM_MARCH_2010":2117497,"THERM_APRIL_2010":1094043,"THERM_MAY_2010":712965,"THERM_JUNE_2010":477012,"THERM_JULY_2010":365741,"THERM_AUGUST_2010":349088,"THERM_SEPTEMBER_2010":387342,"THERM_OCTOBER_2010":413661,"THERM_NOVEMBER_2010":774551,"THERM_DECEMBER_2010":1845779,"TOTAL_THERMS":13763042,"KWH_TOTAL_SQFT":7.191905237,"THERMS_TOTAL_SQFT":1.039383003,"TOTAL_POPULATION":89419,"TOTAL_UNITS":27705,"OCCUPIED_UNITS":23996,"RENTER_OCCUPIED_HOUSING_UNITS":13401,"OCCUPIED_HOUSING_UNITS":23996,"COMMUNITY_AREA_NUMBER":58,"KWH_TOTAL_SQMETERS":77.41305703,"THERMS_TOTAL_SQMETERS":11.18783035,"KWH_TOTAL_CAPITA":1047.5189053780516,"THERMS_TOTAL_CAPITA":153.91630414117805}
{"_id":{"$oid":"59cbe5be150aa223f053b04e"},"COMMUNITY_AREA_NAME":"South Lawndale","KWH_JANUARY_2010":9608050,"KWH_FEBRUARY_2010":10616356,"KWH_MARCH_2010":10228979,"KWH_APRIL_2010":10119797,"KWH_MAY_2010":11032297,"KWH_JUNE_2010":13054848,"KWH_JULY_2010":17550690,"KWH_AUGUST_2010":18157772,"KWH_SEPTEMBER_2010":13608203,"KWH_OCTOBER_2010":11638243,"KWH_NOVEMBER_2010":12571487,"KWH_DECEMBER_2010":15391333,"TOTAL_KWH":153578055,"ZERO_KWH_ACCOUNTS":8204,"THERM_JANUARY_2010":3731420,"THERM_FEBRUARY_2010":2764727,"THERM_MARCH_2010":3471644,"THERM_APRIL_2010":1658111,"THERM_MAY_2010":1023266,"THERM_JUNE_2010":713214,"THERM_JULY_2010":558408,"THERM_AUGUST_2010":564097,"THERM_SEPTEMBER_2010":591686,"THERM_OCTOBER_2010":683310,"THERM_NOVEMBER_2010":1107328,"THERM_DECEMBER_2010":2357592,"TOTAL_THERMS":19224803,"KWH_TOTAL_SQFT":7.914425772,"THERMS_TOTAL_SQFT":1.004086478,"TOTAL_POPULATION":159528,"TOTAL_UNITS":49268,"OCCUPIED_UNITS":42412,"RENTER_OCCUPIED_HOUSING_UNITS":29231,"OCCUPIED_HOUSING_UNITS":42412,"COMMUNITY_AREA_NUMBER":30,"KWH_TOTAL_SQMETERS":85.19020669,"THERMS_TOTAL_SQMETERS":10.80790155,"KWH_TOTAL_CAPITA":962.702817060328,"THERMS_TOTAL_CAPITA":120.51052479815455}
{"_id":{"$oid":"59cbe5be150aa223f053b063"},"COMMUNITY_AREA_NAME":"West Elsdon","KWH_JANUARY_2010":3501670,"KWH_FEBRUARY_2010":3603836,"KWH_MARCH_2010":3340016,"KWH_APRIL_2010":3408389,"KWH_MAY_2010":4175625,"KWH_JUNE_2010":6086321,"KWH_JULY_2010":6868930,"KWH_AUGUST_2010":6461799,"KWH_SEPTEMBER_2010":4106016,"KWH_OCTOBER_2010":3634555,"KWH_NOVEMBER_2010":4112749,"KWH_DECEMBER_2010":4861098,"TOTAL_KWH":54161004,"ZERO_KWH_ACCOUNTS":640,"THERM_JANUARY_2010":1141127,"THERM_FEBRUARY_2010":1018915,"THERM_MARCH_2010":684413,"THERM_APRIL_2010":377408,"THERM_MAY_2010":239587,"THERM_JUNE_2010":137297,"THERM_JULY_2010":133210,"THERM_AUGUST_2010":120784,"THERM_SEPTEMBER_2010":119374,"THERM_OCTOBER_2010":163444,"THERM_NOVEMBER_2010":357444,"THERM_DECEMBER_2010":955716,"TOTAL_THERMS":5448719,"KWH_TOTAL_SQFT":10.78323843,"THERMS_TOTAL_SQFT":1.005512055,"TOTAL_POPULATION":25508,"TOTAL_UNITS":7426,"OCCUPIED_UNITS":6972,"RENTER_OCCUPIED_HOUSING_UNITS":2047,"OCCUPIED_HOUSING_UNITS":6972,"COMMUNITY_AREA_NUMBER":62,"KWH_TOTAL_SQMETERS":116.0698624,"THERMS_TOTAL_SQMETERS":10.82324634,"KWH_TOTAL_CAPITA":2123.2948094715384,"THERMS_TOTAL_CAPITA":213.6082405519837}
{"_id":{"$oid":"59cbe5be150aa223f053b053"},"COMMUNITY_AREA_NAME":"West Lawn","KWH_JANUARY_2010":9707224,"KWH_FEBRUARY_2010":10041979,"KWH_MARCH_2010":9732521,"KWH_APRIL_2010":9734456,"KWH_MAY_2010":12548295,"KWH_JUNE_2010":15999834,"KWH_JULY_2010":16965219,"KWH_AUGUST_2010":15358677,"KWH_SEPTEMBER_2010":11351577,"KWH_OCTOBER_2010":9795291,"KWH_NOVEMBER_2010":11150683,"KWH_DECEMBER_2010":13153134,"TOTAL_KWH":145538890,"ZERO_KWH_ACCOUNTS":1296,"THERM_JANUARY_2010":2558878,"THERM_FEBRUARY_2010":2238078,"THERM_MARCH_2010":1615538,"THERM_APRIL_2010":934411,"THERM_MAY_2010":618466,"THERM_JUNE_2010":416342,"THERM_JULY_2010":380886,"THERM_AUGUST_2010":405796,"THERM_SEPTEMBER_2010":383966,"THERM_OCTOBER_2010":447097,"THERM_NOVEMBER_2010":809997,"THERM_DECEMBER_2010":2059862,"TOTAL_THERMS":12869317,"KWH_TOTAL_SQFT":11.56929447,"THERMS_TOTAL_SQFT":1.188130893,"TOTAL_POPULATION":48652,"TOTAL_UNITS":13796,"OCCUPIED_UNITS":12909,"RENTER_OCCUPIED_HOUSING_UNITS":3722,"OCCUPIED_HOUSING_UNITS":12909,"COMMUNITY_AREA_NUMBER":65,"KWH_TOTAL_SQMETERS":124.5309029,"THERMS_TOTAL_SQMETERS":12.78894001,"KWH_TOTAL_CAPITA":2991.4266628298938,"THERMS_TOTAL_CAPITA":264.517738222478}
{"_id":{"$oid":"59cbe5be150aa223f053b028"},"COMMUNITY_AREA_NAME":"East Garfield Park","KWH_JANUARY_2010":2111975,"KWH_FEBRUARY_2010":2509250,"KWH_MARCH_2010":2626078,"KWH_APRIL_2010":2517241,"KWH_MAY_2010":2781185,"KWH_JUNE_2010":3338354,"KWH_JULY_2010":4173776,"KWH_AUGUST_2010":4105991,"KWH_SEPTEMBER_2010":3580293,"KWH_OCTOBER_2010":2938502,"KWH_NOVEMBER_2010":3682751,"KWH_DECEMBER_2010":4558098,"TOTAL_KWH":38923494,"ZERO_KWH_ACCOUNTS":3188,"THERM_JANUARY_2010":1817634,"THERM_FEBRUARY_2010":634873,"THERM_MARCH_2010":1377689,"THERM_APRIL_2010":428221,"THERM_MAY_2010":253136,"THERM_JUNE_2010":138826,"THERM_JULY_2010":124047,"THERM_AUGUST_2010":124808,"THERM_SEPTEMBER_2010":128504,"THERM_OCTOBER_2010":233964,"THERM_NOVEMBER_2010":603071,"THERM_DECEMBER_2010":1336208,"TOTAL_THERMS":7200981,"KWH_TOTAL_SQFT":4.993486599,"THERMS_TOTAL_SQFT":0.933162406,"TOTAL_POPULATION":45828,"TOTAL_UNITS":19618,"OCCUPIED_UNITS":15659,"RENTER_OCCUPIED_HOUSING_UNITS":11631,"OCCUPIED_HOUSING_UNITS":15659,"COMMUNITY_AREA_NUMBER":27,"KWH_TOTAL_SQMETERS":53.74946557,"THERMS_TOTAL_SQMETERS":10.04448087,"KWH_TOTAL_CAPITA":849.3387012306887,"THERMS_TOTAL_CAPITA":157.13059701492537}
{"_id":{"$oid":"59cbe5be150aa223f053b068"},"COMMUNITY_AREA_NAME":null,"KWH_JANUARY_2010":NaN,"KWH_FEBRUARY_2010":NaN,"KWH_MARCH_2010":NaN,"KWH_APRIL_2010":NaN,"KWH_MAY_2010":NaN,"KWH_JUNE_2010":NaN,"KWH_JULY_2010":NaN,"KWH_AUGUST_2010":NaN,"KWH_SEPTEMBER_2010":NaN,"KWH_OCTOBER_2010":NaN,"KWH_NOVEMBER_2010":NaN,"KWH_DECEMBER_2010":NaN,"TOTAL_KWH":NaN,"ZERO_KWH_ACCOUNTS":NaN,"THERM_JANUARY_2010":NaN,"THERM_FEBRUARY_2010":NaN,"THERM_MARCH_2010":NaN,"THERM_APRIL_2010":NaN,"THERM_MAY_2010":NaN,"THERM_JUNE_2010":NaN,"THERM_JULY_2010":NaN,"THERM_AUGUST_2010":NaN,"THERM_SEPTEMBER_2010":NaN,"THERM_OCTOBER_2010":NaN,"THERM_NOVEMBER_2010":NaN,"THERM_DECEMBER_2010":NaN,"TOTAL_THERMS":NaN,"KWH_TOTAL_SQFT":NaN,"THERMS_TOTAL_SQFT":NaN,"TOTAL_POPULATION":NaN,"TOTAL_UNITS":NaN,"OCCUPIED_UNITS":NaN,"RENTER_OCCUPIED_HOUSING_UNITS":NaN,"OCCUPIED_HOUSING_UNITS":NaN}
{"_id":{"$oid":"59cbe5be150aa223f053b058"},"COMMUNITY_AREA_NAME":"Calumet Heights","KWH_JANUARY_2010":2955259,"KWH_FEBRUARY_2010":2791400,"KWH_MARCH_2010":2813123,"KWH_APRIL_2010":2743812,"KWH_MAY_2010":3271512,"KWH_JUNE_2010":5209548,"KWH_JULY_2010":5614210,"KWH_AUGUST_2010":3994547,"KWH_SEPTEMBER_2010":2978874,"KWH_OCTOBER_2010":3309632,"KWH_NOVEMBER_2010":4337600,"KWH_DECEMBER_2010":4752611,"TOTAL_KWH":44772128,"ZERO_KWH_ACCOUNTS":807,"THERM_JANUARY_2010":1304854,"THERM_FEBRUARY_2010":318649,"THERM_MARCH_2010":1941241,"THERM_APRIL_2010":436264,"THERM_MAY_2010":259479,"THERM_JUNE_2010":138985,"THERM_JULY_2010":118002,"THERM_AUGUST_2010":112732,"THERM_SEPTEMBER_2010":124402,"THERM_OCTOBER_2010":247858,"THERM_NOVEMBER_2010":599295,"THERM_DECEMBER_2010":1470829,"TOTAL_THERMS":7072590,"KWH_TOTAL_SQFT":6.874400975,"THERMS_TOTAL_SQFT":1.064096378,"TOTAL_POPULATION":17672,"TOTAL_UNITS":7672,"OCCUPIED_UNITS":7071,"RENTER_OCCUPIED_HOUSING_UNITS":2050,"OCCUPIED_HOUSING_UNITS":7071,"COMMUNITY_AREA_NUMBER":48,"KWH_TOTAL_SQMETERS":73.99546812,"THERMS_TOTAL_SQMETERS":11.45384302,"KWH_TOTAL_CAPITA":2533.506564056134,"THERMS_TOTAL_CAPITA":400.21446355817113}
{"_id":{"$oid":"59cbe5be150aa223f053b02d"},"COMMUNITY_AREA_NAME":"Gage Park","KWH_JANUARY_2010":4206334,"KWH_FEBRUARY_2010":4614131,"KWH_MARCH_2010":4428230,"KWH_APRIL_2010":4147563,"KWH_MAY_2010":4815766,"KWH_JUNE_2010":6573854,"KWH_JULY_2010":8028256,"KWH_AUGUST_2010":7848156,"KWH_SEPTEMBER_2010":5351082,"KWH_OCTOBER_2010":4852966,"KWH_NOVEMBER_2010":5910765,"KWH_DECEMBER_2010":7580155,"TOTAL_KWH":68357258,"ZERO_KWH_ACCOUNTS":2536,"THERM_JANUARY_2010":2467614,"THERM_FEBRUARY_2010":2200362,"THERM_MARCH_2010":1581442,"THERM_APRIL_2010":942761,"THERM_MAY_2010":731050,"THERM_JUNE_2010":609178,"THERM_JULY_2010":655191,"THERM_AUGUST_2010":660655,"THERM_SEPTEMBER_2010":634490,"THERM_OCTOBER_2010":741771,"THERM_NOVEMBER_2010":1205465,"THERM_DECEMBER_2010":2317535,"TOTAL_THERMS":14747514,"KWH_TOTAL_SQFT":7.209919923,"THERMS_TOTAL_SQFT":1.55287695,"TOTAL_POPULATION":74992,"TOTAL_UNITS":19732,"OCCUPIED_UNITS":17820,"RENTER_OCCUPIED_HOUSING_UNITS":8764,"OCCUPIED_HOUSING_UNITS":17820,"COMMUNITY_AREA_NUMBER":63,"KWH_TOTAL_SQMETERS":77.60696558,"THERMS_TOTAL_SQMETERS":16.71503557,"KWH_TOTAL_CAPITA":911.5273362492,"THERMS_TOTAL_CAPITA":196.6544964796245}
{"_id":{"$oid":"59cbe5be150aa223f053b05d"},"COMMUNITY_AREA_NAME":"Washington Park","KWH_JANUARY_2010":1201368,"KWH_FEBRUARY_2010":1223174,"KWH_MARCH_2010":1184941,"KWH_APRIL_2010":1188582,"KWH_MAY_2010":1412587,"KWH_JUNE_2010":1739789,"KWH_JULY_2010":2010565,"KWH_AUGUST_2010":1976317,"KWH_SEPTEMBER_2010":1464787,"KWH_OCTOBER_2010":1465119,"KWH_NOVEMBER_2010":1808021,"KWH_DECEMBER_2010":2214166,"TOTAL_KWH":18889416,"ZERO_KWH_ACCOUNTS":2024,"THERM_JANUARY_2010":709435,"THERM_FEBRUARY_2010":472911,"THERM_MARCH_2010":693436,"THERM_APRIL_2010":293593,"THERM_MAY_2010":153657,"THERM_JUNE_2010":136880,"THERM_JULY_2010":71800,"THERM_AUGUST_2010":62777,"THERM_SEPTEMBER_2010":72842,"THERM_OCTOBER_2010":113836,"THERM_NOVEMBER_2010":271380,"THERM_DECEMBER_2010":548435,"TOTAL_THERMS":3600982,"KWH_TOTAL_SQFT":5.122843844,"THERMS_TOTAL_SQFT":1.004921657,"TOTAL_POPULATION":29348,"TOTAL_UNITS":13328,"OCCUPIED_UNITS":10590,"RENTER_OCCUPIED_HOUSING_UNITS":8649,"OCCUPIED_HOUSING_UNITS":10590,"COMMUNITY_AREA_NUMBER":40,"KWH_TOTAL_SQMETERS":55.14185596,"THERMS_TOTAL_SQMETERS":10.81689135,"KWH_TOTAL_CAPITA":643.635545863432,"THERMS_TOTAL_CAPITA":122.69940029985007}
{"_id":{"$oid":"59cbe5be150aa223f053b032"},"COMMUNITY_AREA_NAME":"Humboldt Park","KWH_JANUARY_2010":8737217,"KWH_FEBRUARY_2010":9144400,"KWH_MARCH_2010":8542676,"KWH_APRIL_2010":8061542,"KWH_MAY_2010":9573411,"KWH_JUNE_2010":11458065,"KWH_JULY_2010":13431627,"KWH_AUGUST_2010":13420084,"KWH_SEPTEMBER_2010":9625762,"KWH_OCTOBER_2010":8971593,"KWH_NOVEMBER_2010":11459737,"KWH_DECEMBER_2010":14869937,"TOTAL_KWH":127296051,"ZERO_KWH_ACCOUNTS":8702,"THERM_JANUARY_2010":3489802,"THERM_FEBRUARY_2010":3287884,"THERM_MARCH_2010":2748246,"THERM_APRIL_2010":1278808,"THERM_MAY_2010":874528,"THERM_JUNE_2010":572572,"THERM_JULY_2010":481109,"THERM_AUGUST_2010":529524,"THERM_SEPTEMBER_2010":529869,"THERM_OCTOBER_2010":742454,"THERM_NOVEMBER_2010":1472261,"THERM_DECEMBER_2010":3574720,"TOTAL_THERMS":19581777,"KWH_TOTAL_SQFT":6.580177348,"THERMS_TOTAL_SQFT":1.012643501,"TOTAL_POPULATION":121880,"TOTAL_UNITS":43876,"OCCUPIED_UNITS":36957,"RENTER_OCCUPIED_HOUSING_UNITS":24520,"OCCUPIED_HOUSING_UNITS":36957,"COMMUNITY_AREA_NUMBER":23,"KWH_TOTAL_SQMETERS":70.82846999,"THERMS_TOTAL_SQMETERS":10.90000862,"KWH_TOTAL_CAPITA":1044.4375697407286,"THERMS_TOTAL_CAPITA":160.664399409255}
{"_id":{"$oid":"59cbe5be150aa223f053b062"},"COMMUNITY_AREA_NAME":"Forest Glen","KWH_JANUARY_2010":10753778,"KWH_FEBRUARY_2010":11154737,"KWH_MARCH_2010":10181234,"KWH_APRIL_2010":9959163,"KWH_MAY_2010":13349165,"KWH_JUNE_2010":16307604,"KWH_JULY_2010":17284048,"KWH_AUGUST_2010":13834489,"KWH_SEPTEMBER_2010":10862989,"KWH_OCTOBER_2010":10472517,"KWH_NOVEMBER_2010":13739871,"KWH_DECEMBER_2010":14387920,"TOTAL_KWH":152287515,"ZERO_KWH_ACCOUNTS":603,"THERM_JANUARY_2010":1856153,"THERM_FEBRUARY_2010":1713174,"THERM_MARCH_2010":1158659,"THERM_APRIL_2010":597491,"THERM_MAY_2010":379811,"THERM_JUNE_2010":210767,"THERM_JULY_2010":172701,"THERM_AUGUST_2010":162220,"THERM_SEPTEMBER_2010":174543,"THERM_OCTOBER_2010":281944,"THERM_NOVEMBER_2010":697231,"THERM_DECEMBER_2010":1736989,"TOTAL_THERMS":9141683,"KWH_TOTAL_SQFT":14.06862588,"THERMS_TOTAL_SQFT":0.834908362,"TOTAL_POPULATION":26564,"TOTAL_UNITS":10726,"OCCUPIED_UNITS":10191,"RENTER_OCCUPIED_HOUSING_UNITS":2025,"OCCUPIED_HOUSING_UNITS":10191,"COMMUNITY_AREA_NUMBER":12,"KWH_TOTAL_SQMETERS":151.4334939,"THERMS_TOTAL_SQMETERS":8.986882683,"KWH_TOTAL_CAPITA":5732.8532976961305,"THERMS_TOTAL_CAPITA":344.13804396928174}
{"_id":{"$oid":"59cbe5be150aa223f053b067"},"COMMUNITY_AREA_NAME":"Near South Side","KWH_JANUARY_2010":25278576,"KWH_FEBRUARY_2010":25749941,"KWH_MARCH_2010":25858268,"KWH_APRIL_2010":24097458,"KWH_MAY_2010":29913011,"KWH_JUNE_2010":28408491,"KWH_JULY_2010":33984371,"KWH_AUGUST_2010":30306424,"KWH_SEPTEMBER_2010":29272333,"KWH_OCTOBER_2010":26538195,"KWH_NOVEMBER_2010":29697214,"KWH_DECEMBER_2010":33599308,"TOTAL_KWH":342703590,"ZERO_KWH_ACCOUNTS":2390,"THERM_JANUARY_2010":1696128,"THERM_FEBRUARY_2010":1257305,"THERM_MARCH_2010":986743,"THERM_APRIL_2010":525413,"THERM_MAY_2010":340196,"THERM_JUNE_2010":176785,"THERM_JULY_2010":162524,"THERM_AUGUST_2010":162319,"THERM_SEPTEMBER_2010":177201,"THERM_OCTOBER_2010":333549,"THERM_NOVEMBER_2010":705963,"THERM_DECEMBER_2010":1527976,"TOTAL_THERMS":8052102,"KWH_TOTAL_SQFT":13.81824795,"THERMS_TOTAL_SQFT":0.34569198,"TOTAL_POPULATION":33462,"TOTAL_UNITS":21503,"OCCUPIED_UNITS":18606,"RENTER_OCCUPIED_HOUSING_UNITS":7449,"OCCUPIED_HOUSING_UNITS":18606,"COMMUNITY_AREA_NUMBER":33,"KWH_TOTAL_SQMETERS":148.7384471,"THERMS_TOTAL_SQMETERS":3.720999105,"KWH_TOTAL_CAPITA":10241.575219652143,"THERMS_TOTAL_CAPITA":240.63421194190425}
{"_id":{"$oid":"59cbe5be150aa223f053b037"},"COMMUNITY_AREA_NAME":"Lincoln Park","KWH_JANUARY_2010":24773768,"KWH_FEBRUARY_2010":23504045,"KWH_MARCH_2010":21805075,"KWH_APRIL_2010":21739203,"KWH_MAY_2010":27044870,"KWH_JUNE_2010":33922975,"KWH_JULY_2010":37383704,"KWH_AUGUST_2010":35990105,"KWH_SEPTEMBER_2010":27670602,"KWH_OCTOBER_2010":24661134,"KWH_NOVEMBER_2010":29653551,"KWH_DECEMBER_2010":35643500,"TOTAL_KWH":343792532,"ZERO_KWH_ACCOUNTS":9857,"THERM_JANUARY_2010":5810724,"THERM_FEBRUARY_2010":5003740,"THERM_MARCH_2010":3527463,"THERM_APRIL_2010":1797340,"THERM_MAY_2010":1293526,"THERM_JUNE_2010":672595,"THERM_JULY_2010":656527,"THERM_AUGUST_2010":632719,"THERM_SEPTEMBER_2010":657901,"THERM_OCTOBER_2010":950774,"THERM_NOVEMBER_2010":2035934,"THERM_DECEMBER_2010":5148713,"TOTAL_THERMS":28187956,"KWH_TOTAL_SQFT":8.733265691,"THERMS_TOTAL_SQFT":0.712053307,"TOTAL_POPULATION":180310,"TOTAL_UNITS":106852,"OCCUPIED_UNITS":98138,"RENTER_OCCUPIED_HOUSING_UNITS":56401,"OCCUPIED_HOUSING_UNITS":98138,"COMMUNITY_AREA_NUMBER":7,"KWH_TOTAL_SQMETERS":94.00413002,"THERMS_TOTAL_SQMETERS":7.664481308,"KWH_TOTAL_CAPITA":1906.674793411347,"THERMS_TOTAL_CAPITA":156.33051966058454}
{"_id":{"$oid":"59cbe5be150aa223f053b03c"},"COMMUNITY_AREA_NAME":"Lower West Side","KWH_JANUARY_2010":10896195,"KWH_FEBRUARY_2010":11614823,"KWH_MARCH_2010":12521901,"KWH_APRIL_2010":11923780,"KWH_MAY_2010":12960818,"KWH_JUNE_2010":13456917,"KWH_JULY_2010":16445744,"KWH_AUGUST_2010":15988675,"KWH_SEPTEMBER_2010":13823484,"KWH_OCTOBER_2010":14082782,"KWH_NOVEMBER_2010":14023114,"KWH_DECEMBER_2010":15711960,"TOTAL_KWH":163450193,"ZERO_KWH_ACCOUNTS":6455,"THERM_JANUARY_2010":2785596,"THERM_FEBRUARY_2010":1846985,"THERM_MARCH_2010":2862271,"THERM_APRIL_2010":1202397,"THERM_MAY_2010":712198,"THERM_JUNE_2010":556449,"THERM_JULY_2010":447084,"THERM_AUGUST_2010":445994,"THERM_SEPTEMBER_2010":400123,"THERM_OCTOBER_2010":496212,"THERM_NOVEMBER_2010":941471,"THERM_DECEMBER_2010":1969623,"TOTAL_THERMS":14666403,"KWH_TOTAL_SQFT":10.1612414,"THERMS_TOTAL_SQFT":0.806420384,"TOTAL_POPULATION":90446,"TOTAL_UNITS":35156,"OCCUPIED_UNITS":30504,"RENTER_OCCUPIED_HOUSING_UNITS":23166,"OCCUPIED_HOUSING_UNITS":30504,"COMMUNITY_AREA_NUMBER":31,"KWH_TOTAL_SQMETERS":109.3747392,"THERMS_TOTAL_SQMETERS":8.680240505,"KWH_TOTAL_CAPITA":1807.1577847555448,"THERMS_TOTAL_CAPITA":162.1564579970369}
{"_id":{"$oid":"59cbe5be150aa223f053b041"},"COMMUNITY_AREA_NAME":"New City","KWH_JANUARY_2010":12384018,"KWH_FEBRUARY_2010":12285953,"KWH_MARCH_2010":11472343,"KWH_APRIL_2010":11659364,"KWH_MAY_2010":12842298,"KWH_JUNE_2010":14362274,"KWH_JULY_2010":16038282,"KWH_AUGUST_2010":16018163,"KWH_SEPTEMBER_2010":13424697,"KWH_OCTOBER_2010":12116413,"KWH_NOVEMBER_2010":13701991,"KWH_DECEMBER_2010":13835693,"TOTAL_KWH":160141489,"ZERO_KWH_ACCOUNTS":6926,"THERM_JANUARY_2010":3321955,"THERM_FEBRUARY_2010":2855751,"THERM_MARCH_2010":2304712,"THERM_APRIL_2010":1083568,"THERM_MAY_2010":724187,"THERM_JUNE_2010":561887,"THERM_JULY_2010":480173,"THERM_AUGUST_2010":468956,"THERM_SEPTEMBER_2010":487737,"THERM_OCTOBER_2010":684191,"THERM_NOVEMBER_2010":1490491,"THERM_DECEMBER_2010":3133186,"TOTAL_THERMS":17596794,"KWH_TOTAL_SQFT":9.499562605,"THERMS_TOTAL_SQFT":1.05787619,"TOTAL_POPULATION":93327,"TOTAL_UNITS":32825,"OCCUPIED_UNITS":26113,"RENTER_OCCUPIED_HOUSING_UNITS":16671,"OCCUPIED_HOUSING_UNITS":26113,"COMMUNITY_AREA_NUMBER":61,"KWH_TOTAL_SQMETERS":102.2524849,"THERMS_TOTAL_SQMETERS":11.38688944,"KWH_TOTAL_CAPITA":1715.9181051571356,"THERMS_TOTAL_CAPITA":188.54987302709827}
{"_id":{"$oid":"59cbe5be150aa223f053b046"},"COMMUNITY_AREA_NAME":"O'Hare","KWH_JANUARY_2010":5267886,"KWH_FEBRUARY_2010":4756532,"KWH_MARCH_2010":4506957,"KWH_APRIL_2010":4494427,"KWH_MAY_2010":5755635,"KWH_JUNE_2010":7058544,"KWH_JULY_2010":6707282,"KWH_AUGUST_2010":5517727,"KWH_SEPTEMBER_2010":4516249,"KWH_OCTOBER_2010":4872975,"KWH_NOVEMBER_2010":6970614,"KWH_DECEMBER_2010":6490829,"TOTAL_KWH":66915657,"ZERO_KWH_ACCOUNTS":1431,"THERM_JANUARY_2010":744503,"THERM_FEBRUARY_2010":641155,"THERM_MARCH_2010":529889,"THERM_APRIL_2010":302011,"THERM_MAY_2010":207366,"THERM_JUNE_2010":110016,"THERM_JULY_2010":92987,"THERM_AUGUST_2010":86512,"THERM_SEPTEMBER_2010":94008,"THERM_OCTOBER_2010":122539,"THERM_NOVEMBER_2010":271689,"THERM_DECEMBER_2010":605541,"TOTAL_THERMS":3808216,"KWH_TOTAL_SQFT":5.598998892,"THERMS_TOTAL_SQFT":0.443257009,"TOTAL_POPULATION":24819,"TOTAL_UNITS":12593,"OCCUPIED_UNITS":11582,"RENTER_OCCUPIED_HOUSING_UNITS":6009,"OCCUPIED_HOUSING_UNITS":11582,"COMMUNITY_AREA_NUMBER":76,"KWH_TOTAL_SQMETERS":60.26714845,"THERMS_TOTAL_SQMETERS":4.771180794,"KWH_TOTAL_CAPITA":2696.146379789677,"THERMS_TOTAL_CAPITA":153.43954228615175}
{"_id":{"$oid":"59cbe5be150aa223f053b04b"},"COMMUNITY_AREA_NAME":"Rogers Park","KWH_JANUARY_2010":10356620,"KWH_FEBRUARY_2010":10732369,"KWH_MARCH_2010":9952582,"KWH_APRIL_2010":10287466,"KWH_MAY_2010":12674138,"KWH_JUNE_2010":16233474,"KWH_JULY_2010":15782763,"KWH_AUGUST_2010":13825103,"KWH_SEPTEMBER_2010":11626441,"KWH_OCTOBER_2010":11813291,"KWH_NOVEMBER_2010":14382737,"KWH_DECEMBER_2010":15042596,"TOTAL_KWH":152709580,"ZERO_KWH_ACCOUNTS":9529,"THERM_JANUARY_2010":3941232,"THERM_FEBRUARY_2010":3393595,"THERM_MARCH_2010":2604337,"THERM_APRIL_2010":1558741,"THERM_MAY_2010":1039310,"THERM_JUNE_2010":488747,"THERM_JULY_2010":436594,"THERM_AUGUST_2010":389239,"THERM_SEPTEMBER_2010":423982,"THERM_OCTOBER_2010":647346,"THERM_NOVEMBER_2010":1432112,"THERM_DECEMBER_2010":3233140,"TOTAL_THERMS":19588375,"KWH_TOTAL_SQFT":6.466179409,"THERMS_TOTAL_SQFT":0.883652193,"TOTAL_POPULATION":155816,"TOTAL_UNITS":78931,"OCCUPIED_UNITS":69465,"RENTER_OCCUPIED_HOUSING_UNITS":48235,"OCCUPIED_HOUSING_UNITS":69465,"COMMUNITY_AREA_NUMBER":1,"KWH_TOTAL_SQMETERS":69.60140586,"THERMS_TOTAL_SQMETERS":9.511557135,"KWH_TOTAL_CAPITA":980.0635364789239,"THERMS_TOTAL_CAPITA":125.71478538789341}
{"_id":{"$oid":"59cbe5be150aa223f053b050"},"COMMUNITY_AREA_NAME":"Uptown","KWH_JANUARY_2010":10474623,"KWH_FEBRUARY_2010":9950809,"KWH_MARCH_2010":9098380,"KWH_APRIL_2010":9177528,"KWH_MAY_2010":12512267,"KWH_JUNE_2010":16570092,"KWH_JULY_2010":17141499,"KWH_AUGUST_2010":13878693,"KWH_SEPTEMBER_2010":10239301,"KWH_OCTOBER_2010":10141886,"KWH_NOVEMBER_2010":14057541,"KWH_DECEMBER_2010":16189321,"TOTAL_KWH":149431940,"ZERO_KWH_ACCOUNTS":8485,"THERM_JANUARY_2010":3577296,"THERM_FEBRUARY_2010":3109031,"THERM_MARCH_2010":2570659,"THERM_APRIL_2010":1488878,"THERM_MAY_2010":913646,"THERM_JUNE_2010":567328,"THERM_JULY_2010":487513,"THERM_AUGUST_2010":415498,"THERM_SEPTEMBER_2010":421506,"THERM_OCTOBER_2010":726788,"THERM_NOVEMBER_2010":1346047,"THERM_DECEMBER_2010":2846130,"TOTAL_THERMS":18470320,"KWH_TOTAL_SQFT":5.002312657,"THERMS_TOTAL_SQFT":0.636080878,"TOTAL_POPULATION":189061,"TOTAL_UNITS":110512,"OCCUPIED_UNITS":101228,"RENTER_OCCUPIED_HOUSING_UNITS":68802,"OCCUPIED_HOUSING_UNITS":101228,"COMMUNITY_AREA_NUMBER":3,"KWH_TOTAL_SQMETERS":53.8444685,"THERMS_TOTAL_SQMETERS":6.846720542,"KWH_TOTAL_CAPITA":790.3900857395232,"THERMS_TOTAL_CAPITA":97.6950296465162}
{"_id":{"$oid":"59cbe5be150aa223f053b055"},"COMMUNITY_AREA_NAME":"Fuller Park","KWH_JANUARY_2010":537365,"KWH_FEBRUARY_2010":538179,"KWH_MARCH_2010":521953,"KWH_APRIL_2010":530126,"KWH_MAY_2010":574205,"KWH_JUNE_2010":660645,"KWH_JULY_2010":816867,"KWH_AUGUST_2010":814836,"KWH_SEPTEMBER_2010":618472,"KWH_OCTOBER_2010":574173,"KWH_NOVEMBER_2010":704529,"KWH_DECEMBER_2010":808117,"TOTAL_KWH":7699467,"ZERO_KWH_ACCOUNTS":420,"THERM_JANUARY_2010":182374,"THERM_FEBRUARY_2010":85777,"THERM_MARCH_2010":189993,"THERM_APRIL_2010":56117,"THERM_MAY_2010":18647,"THERM_JUNE_2010":37725,"THERM_JULY_2010":16441,"THERM_AUGUST_2010":16808,"THERM_SEPTEMBER_2010":22242,"THERM_OCTOBER_2010":33584,"THERM_NOVEMBER_2010":81387,"THERM_DECEMBER_2010":180528,"TOTAL_THERMS":921623,"KWH_TOTAL_SQFT":9.271428417,"THERMS_TOTAL_SQFT":1.208053753,"TOTAL_POPULATION":4448,"TOTAL_UNITS":2179,"OCCUPIED_UNITS":1667,"RENTER_OCCUPIED_HOUSING_UNITS":1094,"OCCUPIED_HOUSING_UNITS":1667,"COMMUNITY_AREA_NUMBER":37,"KWH_TOTAL_SQMETERS":99.79686788,"THERMS_TOTAL_SQMETERS":13.00338797,"KWH_TOTAL_CAPITA":1730.9952787769785,"THERMS_TOTAL_CAPITA":207.1994154676259}
{"_id":{"$oid":"59cbe5be150aa223f053b024"},"COMMUNITY_AREA_NAME":"Chatham","KWH_JANUARY_2010":6184395,"KWH_FEBRUARY_2010":6195027,"KWH_MARCH_2010":6088112,"KWH_APRIL_2010":5969340,"KWH_MAY_2010":7453359,"KWH_JUNE_2010":9941990,"KWH_JULY_2010":10642696,"KWH_AUGUST_2010":8675942,"KWH_SEPTEMBER_2010":6864909,"KWH_OCTOBER_2010":7221884,"KWH_NOVEMBER_2010":9434166,"KWH_DECEMBER_2010":10392770,"TOTAL_KWH":95064590,"ZERO_KWH_ACCOUNTS":5029,"THERM_JANUARY_2010":3212965,"THERM_FEBRUARY_2010":2837604,"THERM_MARCH_2010":2305319,"THERM_APRIL_2010":1364615,"THERM_MAY_2010":793688,"THERM_JUNE_2010":362625,"THERM_JULY_2010":275697,"THERM_AUGUST_2010":244783,"THERM_SEPTEMBER_2010":269151,"THERM_OCTOBER_2010":476038,"THERM_NOVEMBER_2010":1137522,"THERM_DECEMBER_2010":2576575,"TOTAL_THERMS":15856582,"KWH_TOTAL_SQFT":6.061866439,"THERMS_TOTAL_SQFT":1.070764857,"TOTAL_POPULATION":61692,"TOTAL_UNITS":33517,"OCCUPIED_UNITS":27529,"RENTER_OCCUPIED_HOUSING_UNITS":18746,"OCCUPIED_HOUSING_UNITS":27529,"COMMUNITY_AREA_NUMBER":44,"KWH_TOTAL_SQMETERS":65.2494154,"THERMS_TOTAL_SQMETERS":11.52562196,"KWH_TOTAL_CAPITA":1540.9549050119952,"THERMS_TOTAL_CAPITA":257.0281722103352}
{"_id":{"$oid":"59cbe5be150aa223f053b05a"},"COMMUNITY_AREA_NAME":"Burnside","KWH_JANUARY_2010":856341,"KWH_FEBRUARY_2010":785740,"KWH_MARCH_2010":793749,"KWH_APRIL_2010":786868,"KWH_MAY_2010":946689,"KWH_JUNE_2010":1139762,"KWH_JULY_2010":1227287,"KWH_AUGUST_2010":983018,"KWH_SEPTEMBER_2010":817002,"KWH_OCTOBER_2010":864565,"KWH_NOVEMBER_2010":1106212,"KWH_DECEMBER_2010":1140918,"TOTAL_KWH":11448151,"ZERO_KWH_ACCOUNTS":323,"THERM_JANUARY_2010":248388,"THERM_FEBRUARY_2010":64811,"THERM_MARCH_2010":389666,"THERM_APRIL_2010":101202,"THERM_MAY_2010":73676,"THERM_JUNE_2010":59138,"THERM_JULY_2010":56814,"THERM_AUGUST_2010":54502,"THERM_SEPTEMBER_2010":52233,"THERM_OCTOBER_2010":89353,"THERM_NOVEMBER_2010":133230,"THERM_DECEMBER_2010":287629,"TOTAL_THERMS":1610642,"KWH_TOTAL_SQFT":7.489402583,"THERMS_TOTAL_SQFT":1.350004694,"TOTAL_POPULATION":4434,"TOTAL_UNITS":1982,"OCCUPIED_UNITS":1707,"RENTER_OCCUPIED_HOUSING_UNITS":905,"OCCUPIED_HOUSING_UNITS":1707,"COMMUNITY_AREA_NUMBER":47,"KWH_TOTAL_SQMETERS":80.61529319,"THERMS_TOTAL_SQMETERS":14.53133584,"KWH_TOTAL_CAPITA":2581.901443391971,"THERMS_TOTAL_CAPITA":363.2480829950383}
{"_id":{"$oid":"59cbe5be150aa223f053b05f"},"COMMUNITY_AREA_NAME":"Kenwood","KWH_JANUARY_2010":3622937,"KWH_FEBRUARY_2010":3450549,"KWH_MARCH_2010":3347105,"KWH_APRIL_2010":3172919,"KWH_MAY_2010":3799994,"KWH_JUNE_2010":4811903,"KWH_JULY_2010":5687892,"KWH_AUGUST_2010":5918258,"KWH_SEPTEMBER_2010":4145937,"KWH_OCTOBER_2010":3486513,"KWH_NOVEMBER_2010":4400103,"KWH_DECEMBER_2010":5375880,"TOTAL_KWH":51219990,"ZERO_KWH_ACCOUNTS":3154,"THERM_JANUARY_2010":1223700,"THERM_FEBRUARY_2010":1616710,"THERM_MARCH_2010":1593650,"THERM_APRIL_2010":629911,"THERM_MAY_2010":369628,"THERM_JUNE_2010":207641,"THERM_JULY_2010":173102,"THERM_AUGUST_2010":169908,"THERM_SEPTEMBER_2010":196430,"THERM_OCTOBER_2010":415544,"THERM_NOVEMBER_2010":877070,"THERM_DECEMBER_2010":1664143,"TOTAL_THERMS":9137437,"KWH_TOTAL_SQFT":4.148832636,"THERMS_TOTAL_SQFT":0.829529907,"TOTAL_POPULATION":43647,"TOTAL_UNITS":24499,"OCCUPIED_UNITS":21587,"RENTER_OCCUPIED_HOUSING_UNITS":14919,"OCCUPIED_HOUSING_UNITS":21587,"COMMUNITY_AREA_NUMBER":39,"KWH_TOTAL_SQMETERS":44.65768206,"THERMS_TOTAL_SQMETERS":8.928989449,"KWH_TOTAL_CAPITA":1173.5053955598323,"THERMS_TOTAL_CAPITA":209.34856920292344}
{"_id":{"$oid":"59cbe5be150aa223f053b029"},"COMMUNITY_AREA_NAME":"East Side","KWH_JANUARY_2010":2401418,"KWH_FEBRUARY_2010":2531760,"KWH_MARCH_2010":2325568,"KWH_APRIL_2010":2446931,"KWH_MAY_2010":3713448,"KWH_JUNE_2010":5486934,"KWH_JULY_2010":5860237,"KWH_AUGUST_2010":4125351,"KWH_SEPTEMBER_2010":2929538,"KWH_OCTOBER_2010":2955917,"KWH_NOVEMBER_2010":4206310,"KWH_DECEMBER_2010":4062764,"TOTAL_KWH":43046176,"ZERO_KWH_ACCOUNTS":1297,"THERM_JANUARY_2010":1513140,"THERM_FEBRUARY_2010":1321733,"THERM_MARCH_2010":1294181,"THERM_APRIL_2010":671893,"THERM_MAY_2010":388083,"THERM_JUNE_2010":261790,"THERM_JULY_2010":153147,"THERM_AUGUST_2010":136374,"THERM_SEPTEMBER_2010":143794,"THERM_OCTOBER_2010":171964,"THERM_NOVEMBER_2010":332609,"THERM_DECEMBER_2010":930546,"TOTAL_THERMS":7319254,"KWH_TOTAL_SQFT":6.486969828,"THERMS_TOTAL_SQFT":1.028251562,"TOTAL_POPULATION":39199,"TOTAL_UNITS":13148,"OCCUPIED_UNITS":11704,"RENTER_OCCUPIED_HOUSING_UNITS":4683,"OCCUPIED_HOUSING_UNITS":11704,"COMMUNITY_AREA_NUMBER":52,"KWH_TOTAL_SQMETERS":69.82519217,"THERMS_TOTAL_SQMETERS":11.06801247,"KWH_TOTAL_CAPITA":1098.1447485905253,"THERMS_TOTAL_CAPITA":186.7204265414934}
{"_id":{"$oid":"59cbe5be150aa223f053b064"},"COMMUNITY_AREA_NAME":"South Deering","KWH_JANUARY_2010":4899768,"KWH_FEBRUARY_2010":5471301,"KWH_MARCH_2010":5154489,"KWH_APRIL_2010":4997111,"KWH_MAY_2010":5849010,"KWH_JUNE_2010":7335288,"KWH_JULY_2010":7268016,"KWH_AUGUST_2010":6291469,"KWH_SEPTEMBER_2010":5235723,"KWH_OCTOBER_2010":5616587,"KWH_NOVEMBER_2010":7402013,"KWH_DECEMBER_2010":7051029,"TOTAL_KWH":72571804,"ZERO_KWH_ACCOUNTS":1080,"THERM_JANUARY_2010":1292284,"THERM_FEBRUARY_2010":1075118,"THERM_MARCH_2010":1026260,"THERM_APRIL_2010":579504,"THERM_MAY_2010":320085,"THERM_JUNE_2010":229674,"THERM_JULY_2010":146234,"THERM_AUGUST_2010":122750,"THERM_SEPTEMBER_2010":126774,"THERM_OCTOBER_2010":203250,"THERM_NOVEMBER_2010":334484,"THERM_DECEMBER_2010":849362,"TOTAL_THERMS":6305779,"KWH_TOTAL_SQFT":13.48226134,"THERMS_TOTAL_SQFT":1.189406741,"TOTAL_POPULATION":19282,"TOTAL_UNITS":7230,"OCCUPIED_UNITS":6513,"RENTER_OCCUPIED_HOUSING_UNITS":2471,"OCCUPIED_HOUSING_UNITS":6513,"COMMUNITY_AREA_NUMBER":51,"KWH_TOTAL_SQMETERS":145.1219157,"THERMS_TOTAL_SQMETERS":12.80267313,"KWH_TOTAL_CAPITA":3763.7072917747123,"THERMS_TOTAL_CAPITA":327.02930193963283}
{"_id":{"$oid":"59cbe5be150aa223f053b02e"},"COMMUNITY_AREA_NAME":"Garfield Ridge","KWH_JANUARY_2010":8145524,"KWH_FEBRUARY_2010":7659496,"KWH_MARCH_2010":6842768,"KWH_APRIL_2010":7173335,"KWH_MAY_2010":9135730,"KWH_JUNE_2010":13301843,"KWH_JULY_2010":15846394,"KWH_AUGUST_2010":14596548,"KWH_SEPTEMBER_2010":8959499,"KWH_OCTOBER_2010":7670122,"KWH_NOVEMBER_2010":9217703,"KWH_DECEMBER_2010":11273078,"TOTAL_KWH":119822040,"ZERO_KWH_ACCOUNTS":1183,"THERM_JANUARY_2010":2878117,"THERM_FEBRUARY_2010":2383726,"THERM_MARCH_2010":1994120,"THERM_APRIL_2010":1083330,"THERM_MAY_2010":588093,"THERM_JUNE_2010":348247,"THERM_JULY_2010":297888,"THERM_AUGUST_2010":267213,"THERM_SEPTEMBER_2010":274545,"THERM_OCTOBER_2010":342403,"THERM_NOVEMBER_2010":751893,"THERM_DECEMBER_2010":1946608,"TOTAL_THERMS":13156183,"KWH_TOTAL_SQFT":9.002503257,"THERMS_TOTAL_SQFT":0.903323485,"TOTAL_POPULATION":42003,"TOTAL_UNITS":15556,"OCCUPIED_UNITS":14805,"RENTER_OCCUPIED_HOUSING_UNITS":3124,"OCCUPIED_HOUSING_UNITS":14805,"COMMUNITY_AREA_NUMBER":56,"KWH_TOTAL_SQMETERS":96.90218031,"THERMS_TOTAL_SQMETERS":9.723297259,"KWH_TOTAL_CAPITA":2852.701949860724,"THERMS_TOTAL_CAPITA":313.22007951812964}
{"_id":{"$oid":"59cbe5be150aa223f053b033"},"COMMUNITY_AREA_NAME":"Hyde Park","KWH_JANUARY_2010":4874223,"KWH_FEBRUARY_2010":4802980,"KWH_MARCH_2010":4350522,"KWH_APRIL_2010":4484998,"KWH_MAY_2010":4845154,"KWH_JUNE_2010":6296010,"KWH_JULY_2010":7655480,"KWH_AUGUST_2010":7299205,"KWH_SEPTEMBER_2010":5004763,"KWH_OCTOBER_2010":4710824,"KWH_NOVEMBER_2010":5946760,"KWH_DECEMBER_2010":6968924,"TOTAL_KWH":67239843,"ZERO_KWH_ACCOUNTS":3100,"THERM_JANUARY_2010":1853522,"THERM_FEBRUARY_2010":2238959,"THERM_MARCH_2010":2266874,"THERM_APRIL_2010":948282,"THERM_MAY_2010":596255,"THERM_JUNE_2010":382181,"THERM_JULY_2010":318008,"THERM_AUGUST_2010":319478,"THERM_SEPTEMBER_2010":293630,"THERM_OCTOBER_2010":502462,"THERM_NOVEMBER_2010":1146724,"THERM_DECEMBER_2010":2133558,"TOTAL_THERMS":12999933,"KWH_TOTAL_SQFT":4.190053846,"THERMS_TOTAL_SQFT":0.749543137,"TOTAL_POPULATION":75288,"TOTAL_UNITS":42634,"OCCUPIED_UNITS":37344,"RENTER_OCCUPIED_HOUSING_UNITS":24500,"OCCUPIED_HOUSING_UNITS":37344,"COMMUNITY_AREA_NUMBER":41,"KWH_TOTAL_SQMETERS":45.10138366,"THERMS_TOTAL_SQMETERS":8.068018651,"KWH_TOTAL_CAPITA":893.1017293592604,"THERMS_TOTAL_CAPITA":172.66938954415045}
{"_id":{"$oid":"59cbe5be150aa223f053b038"},"COMMUNITY_AREA_NAME":"Lincoln Square","KWH_JANUARY_2010":9265942,"KWH_FEBRUARY_2010":8866016,"KWH_MARCH_2010":8436344,"KWH_APRIL_2010":8876124,"KWH_MAY_2010":11322980,"KWH_JUNE_2010":15126334,"KWH_JULY_2010":15424289,"KWH_AUGUST_2010":12171301,"KWH_SEPTEMBER_2010":9336777,"KWH_OCTOBER_2010":9394840,"KWH_NOVEMBER_2010":12766657,"KWH_DECEMBER_2010":13839468,"TOTAL_KWH":134827072,"ZERO_KWH_ACCOUNTS":5026,"THERM_JANUARY_2010":3289581,"THERM_FEBRUARY_2010":2867018,"THERM_MARCH_2010":2509188,"THERM_APRIL_2010":1322705,"THERM_MAY_2010":835050,"THERM_JUNE_2010":548179,"THERM_JULY_2010":466756,"THERM_AUGUST_2010":391402,"THERM_SEPTEMBER_2010":343059,"THERM_OCTOBER_2010":623829,"THERM_NOVEMBER_2010":1192099,"THERM_DECEMBER_2010":2761285,"TOTAL_THERMS":17150151,"KWH_TOTAL_SQFT":7.269578238,"THERMS_TOTAL_SQFT":0.949403285,"TOTAL_POPULATION":103016,"TOTAL_UNITS":53284,"OCCUPIED_UNITS":48735,"RENTER_OCCUPIED_HOUSING_UNITS":31396,"OCCUPIED_HOUSING_UNITS":48735,"COMMUNITY_AREA_NUMBER":4,"KWH_TOTAL_SQMETERS":78.24912262,"THERMS_TOTAL_SQMETERS":10.2192963,"KWH_TOTAL_CAPITA":1308.7973906965908,"THERMS_TOTAL_CAPITA":166.480459346121}
{"_id":{"$oid":"59cbe5be150aa223f053b03d"},"COMMUNITY_AREA_NAME":"McKinley Park","KWH_JANUARY_2010":3504351,"KWH_FEBRUARY_2010":3596588,"KWH_MARCH_2010":3528108,"KWH_APRIL_2010":3321323,"KWH_MAY_2010":3646975,"KWH_JUNE_2010":4378470,"KWH_JULY_2010":5570550,"KWH_AUGUST_2010":5434997,"KWH_SEPTEMBER_2010":4543358,"KWH_OCTOBER_2010":3821076,"KWH_NOVEMBER_2010":4283549,"KWH_DECEMBER_2010":5094685,"TOTAL_KWH":50724030,"ZERO_KWH_ACCOUNTS":1509,"THERM_JANUARY_2010":1197881,"THERM_FEBRUARY_2010":1052098,"THERM_MARCH_2010":1026383,"THERM_APRIL_2010":510239,"THERM_MAY_2010":332328,"THERM_JUNE_2010":242935,"THERM_JULY_2010":202415,"THERM_AUGUST_2010":161319,"THERM_SEPTEMBER_2010":174510,"THERM_OCTOBER_2010":206027,"THERM_NOVEMBER_2010":335870,"THERM_DECEMBER_2010":815627,"TOTAL_THERMS":6257632,"KWH_TOTAL_SQFT":7.931253442,"THERMS_TOTAL_SQFT":1.007101303,"TOTAL_POPULATION":32974,"TOTAL_UNITS":11881,"OCCUPIED_UNITS":10573,"RENTER_OCCUPIED_HOUSING_UNITS":5396,"OCCUPIED_HOUSING_UNITS":10573,"COMMUNITY_AREA_NUMBER":59,"KWH_TOTAL_SQMETERS":85.3713383,"THERMS_TOTAL_SQMETERS":10.84035287,"KWH_TOTAL_CAPITA":1538.3038151270698,"THERMS_TOTAL_CAPITA":189.77473160672045}
{"_id":{"$oid":"59cbe5be150aa223f053b042"},"COMMUNITY_AREA_NAME":"North Center","KWH_JANUARY_2010":7030788,"KWH_FEBRUARY_2010":7082924,"KWH_MARCH_2010":6678270,"KWH_APRIL_2010":6844427,"KWH_MAY_2010":9229944,"KWH_JUNE_2010":13449871,"KWH_JULY_2010":14589135,"KWH_AUGUST_2010":12183339,"KWH_SEPTEMBER_2010":8838844,"KWH_OCTOBER_2010":8320161,"KWH_NOVEMBER_2010":10533479,"KWH_DECEMBER_2010":12074641,"TOTAL_KWH":116855823,"ZERO_KWH_ACCOUNTS":4923,"THERM_JANUARY_2010":3016968,"THERM_FEBRUARY_2010":2535601,"THERM_MARCH_2010":2172287,"THERM_APRIL_2010":1196852,"THERM_MAY_2010":705786,"THERM_JUNE_2010":406701,"THERM_JULY_2010":350727,"THERM_AUGUST_2010":257478,"THERM_SEPTEMBER_2010":209150,"THERM_OCTOBER_2010":454988,"THERM_NOVEMBER_2010":876802,"THERM_DECEMBER_2010":2068089,"TOTAL_THERMS":14251429,"KWH_TOTAL_SQFT":6.951406291,"THERMS_TOTAL_SQFT":0.831089074,"TOTAL_POPULATION":75675,"TOTAL_UNITS":37324,"OCCUPIED_UNITS":34376,"RENTER_OCCUPIED_HOUSING_UNITS":17667,"OCCUPIED_HOUSING_UNITS":34376,"COMMUNITY_AREA_NUMBER":5,"KWH_TOTAL_SQMETERS":74.82434681,"THERMS_TOTAL_SQMETERS":8.945772188,"KWH_TOTAL_CAPITA":1544.1800198216056,"THERMS_TOTAL_CAPITA":188.32413610835812}
{"_id":{"$oid":"59cbe5be150aa223f053b047"},"COMMUNITY_AREA_NAME":"Oakland","KWH_JANUARY_2010":560481,"KWH_FEBRUARY_2010":521688,"KWH_MARCH_2010":476459,"KWH_APRIL_2010":459305,"KWH_MAY_2010":482306,"KWH_JUNE_2010":631885,"KWH_JULY_2010":801518,"KWH_AUGUST_2010":785685,"KWH_SEPTEMBER_2010":593309,"KWH_OCTOBER_2010":467107,"KWH_NOVEMBER_2010":625347,"KWH_DECEMBER_2010":870749,"TOTAL_KWH":7275839,"ZERO_KWH_ACCOUNTS":391,"THERM_JANUARY_2010":199601,"THERM_FEBRUARY_2010":179605,"THERM_MARCH_2010":129853,"THERM_APRIL_2010":69109,"THERM_MAY_2010":42690,"THERM_JUNE_2010":24242,"THERM_JULY_2010":21566,"THERM_AUGUST_2010":20464,"THERM_SEPTEMBER_2010":23764,"THERM_OCTOBER_2010":38120,"THERM_NOVEMBER_2010":83596,"THERM_DECEMBER_2010":208390,"TOTAL_THERMS":1041000,"KWH_TOTAL_SQFT":5.520275474,"THERMS_TOTAL_SQFT":0.822166428,"TOTAL_POPULATION":10398,"TOTAL_UNITS":5225,"OCCUPIED_UNITS":4604,"RENTER_OCCUPIED_HOUSING_UNITS":3431,"OCCUPIED_HOUSING_UNITS":4604,"COMMUNITY_AREA_NUMBER":36,"KWH_TOTAL_SQMETERS":59.41977626,"THERMS_TOTAL_SQMETERS":8.849729592,"KWH_TOTAL_CAPITA":699.7344681669551,"THERMS_TOTAL_CAPITA":100.11540680900173}
{"_id":{"$oid":"59cbe5be150aa223f053b04c"},"COMMUNITY_AREA_NAME":"Roseland","KWH_JANUARY_2010":7827703,"KWH_FEBRUARY_2010":7773374,"KWH_MARCH_2010":7157962,"KWH_APRIL_2010":7152391,"KWH_MAY_2010":9392705,"KWH_JUNE_2010":12744259,"KWH_JULY_2010":12742292,"KWH_AUGUST_2010":9504517,"KWH_SEPTEMBER_2010":7781001,"KWH_OCTOBER_2010":8352205,"KWH_NOVEMBER_2010":12853846,"KWH_DECEMBER_2010":12089998,"TOTAL_KWH":115372253,"ZERO_KWH_ACCOUNTS":4237,"THERM_JANUARY_2010":3624738,"THERM_FEBRUARY_2010":3326210,"THERM_MARCH_2010":2440811,"THERM_APRIL_2010":1397114,"THERM_MAY_2010":798191,"THERM_JUNE_2010":411665,"THERM_JULY_2010":309960,"THERM_AUGUST_2010":298067,"THERM_SEPTEMBER_2010":297120,"THERM_OCTOBER_2010":517602,"THERM_NOVEMBER_2010":1203270,"THERM_DECEMBER_2010":3116736,"TOTAL_THERMS":17741484,"KWH_TOTAL_SQFT":7.298332575,"THERMS_TOTAL_SQFT":1.145903267,"TOTAL_POPULATION":66771,"TOTAL_UNITS":27223,"OCCUPIED_UNITS":23154,"RENTER_OCCUPIED_HOUSING_UNITS":11079,"OCCUPIED_HOUSING_UNITS":23154,"COMMUNITY_AREA_NUMBER":49,"KWH_TOTAL_SQMETERS":78.55863185,"THERMS_TOTAL_SQMETERS":12.33440542,"KWH_TOTAL_CAPITA":1727.8796633268935,"THERMS_TOTAL_CAPITA":265.7064294379296}
{"_id":{"$oid":"59cbe5be150aa223f053b051"},"COMMUNITY_AREA_NAME":"West Englewood","KWH_JANUARY_2010":4896143,"KWH_FEBRUARY_2010":4871667,"KWH_MARCH_2010":4631874,"KWH_APRIL_2010":4529694,"KWH_MAY_2010":5243257,"KWH_JUNE_2010":6655858,"KWH_JULY_2010":7224553,"KWH_AUGUST_2010":6732291,"KWH_SEPTEMBER_2010":5176390,"KWH_OCTOBER_2010":5439212,"KWH_NOVEMBER_2010":7071596,"KWH_DECEMBER_2010":8309929,"TOTAL_KWH":70782464,"ZERO_KWH_ACCOUNTS":4343,"THERM_JANUARY_2010":2281679,"THERM_FEBRUARY_2010":2147632,"THERM_MARCH_2010":1669904,"THERM_APRIL_2010":957827,"THERM_MAY_2010":500703,"THERM_JUNE_2010":290570,"THERM_JULY_2010":199694,"THERM_AUGUST_2010":198651,"THERM_SEPTEMBER_2010":204216,"THERM_OCTOBER_2010":336827,"THERM_NOVEMBER_2010":852624,"THERM_DECEMBER_2010":1961128,"TOTAL_THERMS":11601455,"KWH_TOTAL_SQFT":6.993376876,"THERMS_TOTAL_SQFT":1.222078096,"TOTAL_POPULATION":58936,"TOTAL_UNITS":22923,"OCCUPIED_UNITS":17560,"RENTER_OCCUPIED_HOUSING_UNITS":9707,"OCCUPIED_HOUSING_UNITS":17560,"COMMUNITY_AREA_NUMBER":67,"KWH_TOTAL_SQMETERS":75.27611462,"THERMS_TOTAL_SQMETERS":13.15434481,"KWH_TOTAL_CAPITA":1201.0055653590334,"THERMS_TOTAL_CAPITA":196.84836093389438}
{"_id":{"$oid":"59cbe5be150aa223f053b056"},"COMMUNITY_AREA_NAME":"West Ridge","KWH_JANUARY_2010":10570907,"KWH_FEBRUARY_2010":10728570,"KWH_MARCH_2010":10216123,"KWH_APRIL_2010":11149693,"KWH_MAY_2010":14936503,"KWH_JUNE_2010":20087317,"KWH_JULY_2010":19774726,"KWH_AUGUST_2010":15644736,"KWH_SEPTEMBER_2010":11411308,"KWH_OCTOBER_2010":12118066,"KWH_NOVEMBER_2010":16409505,"KWH_DECEMBER_2010":16392187,"TOTAL_KWH":169439641,"ZERO_KWH_ACCOUNTS":5658,"THERM_JANUARY_2010":5346789,"THERM_FEBRUARY_2010":4401310,"THERM_MARCH_2010":3605368,"THERM_APRIL_2010":2145049,"THERM_MAY_2010":1397398,"THERM_JUNE_2010":815866,"THERM_JULY_2010":701786,"THERM_AUGUST_2010":609039,"THERM_SEPTEMBER_2010":610809,"THERM_OCTOBER_2010":767453,"THERM_NOVEMBER_2010":1602557,"THERM_DECEMBER_2010":3805646,"TOTAL_THERMS":25809070,"KWH_TOTAL_SQFT":5.567881621,"THERMS_TOTAL_SQFT":0.846809608,"TOTAL_POPULATION":169869,"TOTAL_UNITS":65046,"OCCUPIED_UNITS":58231,"RENTER_OCCUPIED_HOUSING_UNITS":32372,"OCCUPIED_HOUSING_UNITS":58231,"COMMUNITY_AREA_NUMBER":2,"KWH_TOTAL_SQMETERS":59.93220479,"THERMS_TOTAL_SQMETERS":9.114986683,"KWH_TOTAL_CAPITA":997.4724110932542,"THERMS_TOTAL_CAPITA":151.93513825359543}
{"_id":{"$oid":"59cbe5be150aa223f053b020"},"COMMUNITY_AREA_NAME":"Belmont Cragin","KWH_JANUARY_2010":13571445,"KWH_FEBRUARY_2010":14443845,"KWH_MARCH_2010":13580685,"KWH_APRIL_2010":13168575,"KWH_MAY_2010":15754734,"KWH_JUNE_2010":20322953,"KWH_JULY_2010":22843204,"KWH_AUGUST_2010":21158298,"KWH_SEPTEMBER_2010":15497320,"KWH_OCTOBER_2010":13936446,"KWH_NOVEMBER_2010":18494274,"KWH_DECEMBER_2010":21251840,"TOTAL_KWH":204023619,"ZERO_KWH_ACCOUNTS":5522,"THERM_JANUARY_2010":4948386,"THERM_FEBRUARY_2010":4482228,"THERM_MARCH_2010":3116594,"THERM_APRIL_2010":1693206,"THERM_MAY_2010":1155048,"THERM_JUNE_2010":711934,"THERM_JULY_2010":631886,"THERM_AUGUST_2010":655025,"THERM_SEPTEMBER_2010":633966,"THERM_OCTOBER_2010":852449,"THERM_NOVEMBER_2010":1817295,"THERM_DECEMBER_2010":4639721,"TOTAL_THERMS":25337738,"KWH_TOTAL_SQFT":8.684722086,"THERMS_TOTAL_SQFT":1.021934058,"TOTAL_POPULATION":155374,"TOTAL_UNITS":47012,"OCCUPIED_UNITS":42843,"RENTER_OCCUPIED_HOUSING_UNITS":23220,"OCCUPIED_HOUSING_UNITS":42843,"COMMUNITY_AREA_NUMBER":19,"KWH_TOTAL_SQMETERS":93.48161078,"THERMS_TOTAL_SQMETERS":11.00001139,"KWH_TOTAL_CAPITA":1313.1129983137462,"THERMS_TOTAL_CAPITA":163.07579131643647}
{"_id":{"$oid":"59cbe5be150aa223f053b05b"},"COMMUNITY_AREA_NAME":"Hegewisch","KWH_JANUARY_2010":1364179,"KWH_FEBRUARY_2010":1529983,"KWH_MARCH_2010":1457467,"KWH_APRIL_2010":1684101,"KWH_MAY_2010":1981688,"KWH_JUNE_2010":2691815,"KWH_JULY_2010":3475633,"KWH_AUGUST_2010":3117668,"KWH_SEPTEMBER_2010":2210123,"KWH_OCTOBER_2010":1850656,"KWH_NOVEMBER_2010":2138521,"KWH_DECEMBER_2010":2464383,"TOTAL_KWH":25966217,"ZERO_KWH_ACCOUNTS":469,"THERM_JANUARY_2010":771432,"THERM_FEBRUARY_2010":620747,"THERM_MARCH_2010":558509,"THERM_APRIL_2010":300752,"THERM_MAY_2010":173193,"THERM_JUNE_2010":99476,"THERM_JULY_2010":73356,"THERM_AUGUST_2010":63054,"THERM_SEPTEMBER_2010":66341,"THERM_OCTOBER_2010":88582,"THERM_NOVEMBER_2010":196295,"THERM_DECEMBER_2010":462338,"TOTAL_THERMS":3474075,"KWH_TOTAL_SQFT":7.182027159,"THERMS_TOTAL_SQFT":0.952623758,"TOTAL_POPULATION":13763,"TOTAL_UNITS":5762,"OCCUPIED_UNITS":5170,"RENTER_OCCUPIED_HOUSING_UNITS":1814,"OCCUPIED_HOUSING_UNITS":5170,"COMMUNITY_AREA_NUMBER":55,"KWH_TOTAL_SQMETERS":77.30673024,"THERMS_TOTAL_SQMETERS":10.25396121,"KWH_TOTAL_CAPITA":1886.6683862529972,"THERMS_TOTAL_CAPITA":252.42134709002397}
{"_id":{"$oid":"59cbe5be150aa223f053b025"},"COMMUNITY_AREA_NAME":"Chicago Lawn","KWH_JANUARY_2010":6746082,"KWH_FEBRUARY_2010":6948433,"KWH_MARCH_2010":6734201,"KWH_APRIL_2010":6410835,"KWH_MAY_2010":7940939,"KWH_JUNE_2010":10677073,"KWH_JULY_2010":11971326,"KWH_AUGUST_2010":10952120,"KWH_SEPTEMBER_2010":7890837,"KWH_OCTOBER_2010":7363906,"KWH_NOVEMBER_2010":9824715,"KWH_DECEMBER_2010":11777121,"TOTAL_KWH":105237588,"ZERO_KWH_ACCOUNTS":5835,"THERM_JANUARY_2010":3494004,"THERM_FEBRUARY_2010":3141412,"THERM_MARCH_2010":2287081,"THERM_APRIL_2010":1337980,"THERM_MAY_2010":743128,"THERM_JUNE_2010":438254,"THERM_JULY_2010":363055,"THERM_AUGUST_2010":329240,"THERM_SEPTEMBER_2010":334047,"THERM_OCTOBER_2010":499576,"THERM_NOVEMBER_2010":1147321,"THERM_DECEMBER_2010":2843759,"TOTAL_THERMS":16958857,"KWH_TOTAL_SQFT":6.938508139,"THERMS_TOTAL_SQFT":1.11454569,"TOTAL_POPULATION":110069,"TOTAL_UNITS":37027,"OCCUPIED_UNITS":31047,"RENTER_OCCUPIED_HOUSING_UNITS":17310,"OCCUPIED_HOUSING_UNITS":31047,"COMMUNITY_AREA_NUMBER":66,"KWH_TOTAL_SQMETERS":74.68551219,"THERMS_TOTAL_SQMETERS":11.99687513,"KWH_TOTAL_CAPITA":956.105606483206,"THERMS_TOTAL_CAPITA":154.07478036504375}
{"_id":{"$oid":"59cbe5be150aa223f053b060"},"COMMUNITY_AREA_NAME":"Avalon Park","KWH_JANUARY_2010":1977301,"KWH_FEBRUARY_2010":2038258,"KWH_MARCH_2010":1865062,"KWH_APRIL_2010":1887546,"KWH_MAY_2010":2221409,"KWH_JUNE_2010":3134882,"KWH_JULY_2010":3441174,"KWH_AUGUST_2010":2929559,"KWH_SEPTEMBER_2010":2153030,"KWH_OCTOBER_2010":2093299,"KWH_NOVEMBER_2010":3121329,"KWH_DECEMBER_2010":3512901,"TOTAL_KWH":30375750,"ZERO_KWH_ACCOUNTS":907,"THERM_JANUARY_2010":1111484,"THERM_FEBRUARY_2010":988875,"THERM_MARCH_2010":708697,"THERM_APRIL_2010":413564,"THERM_MAY_2010":255228,"THERM_JUNE_2010":102767,"THERM_JULY_2010":86171,"THERM_AUGUST_2010":81413,"THERM_SEPTEMBER_2010":78749,"THERM_OCTOBER_2010":160715,"THERM_NOVEMBER_2010":381109,"THERM_DECEMBER_2010":922437,"TOTAL_THERMS":5291209,"KWH_TOTAL_SQFT":6.698113395,"THERMS_TOTAL_SQFT":1.146463049,"TOTAL_POPULATION":16540,"TOTAL_UNITS":7081,"OCCUPIED_UNITS":6432,"RENTER_OCCUPIED_HOUSING_UNITS":2240,"OCCUPIED_HOUSING_UNITS":6432,"COMMUNITY_AREA_NUMBER":45,"KWH_TOTAL_SQMETERS":72.09792358,"THERMS_TOTAL_SQMETERS":12.34043087,"KWH_TOTAL_CAPITA":1836.5024183796857,"THERMS_TOTAL_CAPITA":319.90380894800484}
{"_id":{"$oid":"59cbe5be150aa223f053b02a"},"COMMUNITY_AREA_NAME":"Edgewater","KWH_JANUARY_2010":12722307,"KWH_FEBRUARY_2010":11612849,"KWH_MARCH_2010":10320406,"KWH_APRIL_2010":10844021,"KWH_MAY_2010":13607358,"KWH_JUNE_2010":18512780,"KWH_JULY_2010":17915088,"KWH_AUGUST_2010":14901383,"KWH_SEPTEMBER_2010":11701012,"KWH_OCTOBER_2010":12199395,"KWH_NOVEMBER_2010":18992322,"KWH_DECEMBER_2010":17552565,"TOTAL_KWH":170881486,"ZERO_KWH_ACCOUNTS":9562,"THERM_JANUARY_2010":4418443,"THERM_FEBRUARY_2010":3938630,"THERM_MARCH_2010":2818479,"THERM_APRIL_2010":1534395,"THERM_MAY_2010":1057092,"THERM_JUNE_2010":534206,"THERM_JULY_2010":501688,"THERM_AUGUST_2010":477067,"THERM_SEPTEMBER_2010":527251,"THERM_OCTOBER_2010":916309,"THERM_NOVEMBER_2010":1869764,"THERM_DECEMBER_2010":4216863,"TOTAL_THERMS":22810187,"KWH_TOTAL_SQFT":4.456710998,"THERMS_TOTAL_SQFT":0.688417265,"TOTAL_POPULATION":134250,"TOTAL_UNITS":75652,"OCCUPIED_UNITS":68166,"RENTER_OCCUPIED_HOUSING_UNITS":46983,"OCCUPIED_HOUSING_UNITS":68166,"COMMUNITY_AREA_NUMBER":77,"KWH_TOTAL_SQMETERS":47.97165859,"THERMS_TOTAL_SQMETERS":7.410064957,"KWH_TOTAL_CAPITA":1272.8602309124767,"THERMS_TOTAL_CAPITA":169.90828305400373}
{"_id":{"$oid":"59cbe5be150aa223f053b065"},"COMMUNITY_AREA_NAME":"Washington Heights","KWH_JANUARY_2010":4706744,"KWH_FEBRUARY_2010":4743732,"KWH_MARCH_2010":4403620,"KWH_APRIL_2010":4263377,"KWH_MAY_2010":5532781,"KWH_JUNE_2010":8299998,"KWH_JULY_2010":8090096,"KWH_AUGUST_2010":5877915,"KWH_SEPTEMBER_2010":4836807,"KWH_OCTOBER_2010":5179305,"KWH_NOVEMBER_2010":7830343,"KWH_DECEMBER_2010":7290521,"TOTAL_KWH":71055239,"ZERO_KWH_ACCOUNTS":1791,"THERM_JANUARY_2010":2496459,"THERM_FEBRUARY_2010":2174552,"THERM_MARCH_2010":1650139,"THERM_APRIL_2010":826307,"THERM_MAY_2010":545477,"THERM_JUNE_2010":231501,"THERM_JULY_2010":204805,"THERM_AUGUST_2010":179536,"THERM_SEPTEMBER_2010":203189,"THERM_OCTOBER_2010":358780,"THERM_NOVEMBER_2010":865071,"THERM_DECEMBER_2010":2309735,"TOTAL_THERMS":12045551,"KWH_TOTAL_SQFT":7.156506134,"THERMS_TOTAL_SQFT":1.224131036,"TOTAL_POPULATION":38026,"TOTAL_UNITS":15399,"OCCUPIED_UNITS":13970,"RENTER_OCCUPIED_HOUSING_UNITS":5421,"OCCUPIED_HOUSING_UNITS":13970,"COMMUNITY_AREA_NUMBER":73,"KWH_TOTAL_SQMETERS":77.03202409,"THERMS_TOTAL_SQMETERS":13.17644249,"KWH_TOTAL_CAPITA":1868.596197338663,"THERMS_TOTAL_CAPITA":316.77144585283753}
{"_id":{"$oid":"59cbe5be150aa223f053b02f"},"COMMUNITY_AREA_NAME":"Grand Boulevard","KWH_JANUARY_2010":3723776,"KWH_FEBRUARY_2010":3571202,"KWH_MARCH_2010":3079670,"KWH_APRIL_2010":2909351,"KWH_MAY_2010":3157488,"KWH_JUNE_2010":3789685,"KWH_JULY_2010":4699764,"KWH_AUGUST_2010":4720948,"KWH_SEPTEMBER_2010":3659970,"KWH_OCTOBER_2010":3335889,"KWH_NOVEMBER_2010":4363489,"KWH_DECEMBER_2010":5862454,"TOTAL_KWH":46873686,"ZERO_KWH_ACCOUNTS":3447,"THERM_JANUARY_2010":1350164,"THERM_FEBRUARY_2010":784586,"THERM_MARCH_2010":1296481,"THERM_APRIL_2010":423155,"THERM_MAY_2010":181228,"THERM_JUNE_2010":221945,"THERM_JULY_2010":113468,"THERM_AUGUST_2010":119961,"THERM_SEPTEMBER_2010":132992,"THERM_OCTOBER_2010":255751,"THERM_NOVEMBER_2010":613365,"THERM_DECEMBER_2010":1400092,"TOTAL_THERMS":6893188,"KWH_TOTAL_SQFT":5.176339045,"THERMS_TOTAL_SQFT":0.687844062,"TOTAL_POPULATION":50148,"TOTAL_UNITS":27084,"OCCUPIED_UNITS":22400,"RENTER_OCCUPIED_HOUSING_UNITS":16203,"OCCUPIED_HOUSING_UNITS":22400,"COMMUNITY_AREA_NUMBER":38,"KWH_TOTAL_SQMETERS":55.71767375,"THERMS_TOTAL_SQMETERS":7.403895055,"KWH_TOTAL_CAPITA":934.7069873175401,"THERMS_TOTAL_CAPITA":137.45688761266652}
{"_id":{"$oid":"59cbe5be150aa223f053b034"},"COMMUNITY_AREA_NAME":"Irving Park","KWH_JANUARY_2010":9300338,"KWH_FEBRUARY_2010":9385964,"KWH_MARCH_2010":8771295,"KWH_APRIL_2010":8849388,"KWH_MAY_2010":11508910,"KWH_JUNE_2010":16579068,"KWH_JULY_2010":17880126,"KWH_AUGUST_2010":14617059,"KWH_SEPTEMBER_2010":10493760,"KWH_OCTOBER_2010":10285385,"KWH_NOVEMBER_2010":13742803,"KWH_DECEMBER_2010":15537128,"TOTAL_KWH":146951224,"ZERO_KWH_ACCOUNTS":5692,"THERM_JANUARY_2010":4239002,"THERM_FEBRUARY_2010":3638798,"THERM_MARCH_2010":3025454,"THERM_APRIL_2010":1626327,"THERM_MAY_2010":1047849,"THERM_JUNE_2010":619408,"THERM_JULY_2010":455772,"THERM_AUGUST_2010":427963,"THERM_SEPTEMBER_2010":434722,"THERM_OCTOBER_2010":564338,"THERM_NOVEMBER_2010":1110211,"THERM_DECEMBER_2010":2909468,"TOTAL_THERMS":20099312,"KWH_TOTAL_SQFT":6.548016322,"THERMS_TOTAL_SQFT":0.941710527,"TOTAL_POPULATION":134043,"TOTAL_UNITS":57840,"OCCUPIED_UNITS":52483,"RENTER_OCCUPIED_HOUSING_UNITS":29342,"OCCUPIED_HOUSING_UNITS":52483,"COMMUNITY_AREA_NUMBER":16,"KWH_TOTAL_SQMETERS":70.48229144,"THERMS_TOTAL_SQMETERS":10.13649212,"KWH_TOTAL_CAPITA":1096.299127891796,"THERMS_TOTAL_CAPITA":149.94674843147348}
{"_id":{"$oid":"59cbe5be150aa223f053b039"},"COMMUNITY_AREA_NAME":"Logan Square","KWH_JANUARY_2010":12887573,"KWH_FEBRUARY_2010":12710689,"KWH_MARCH_2010":12376402,"KWH_APRIL_2010":11885768,"KWH_MAY_2010":14899263,"KWH_JUNE_2010":20330946,"KWH_JULY_2010":22921837,"KWH_AUGUST_2010":21939654,"KWH_SEPTEMBER_2010":15127755,"KWH_OCTOBER_2010":14370220,"KWH_NOVEMBER_2010":17462897,"KWH_DECEMBER_2010":22658364,"TOTAL_KWH":199571368,"ZERO_KWH_ACCOUNTS":12276,"THERM_JANUARY_2010":4138244,"THERM_FEBRUARY_2010":3854910,"THERM_MARCH_2010":5141280,"THERM_APRIL_2010":1762521,"THERM_MAY_2010":1090270,"THERM_JUNE_2010":736069,"THERM_JULY_2010":568970,"THERM_AUGUST_2010":561778,"THERM_SEPTEMBER_2010":575039,"THERM_OCTOBER_2010":814450,"THERM_NOVEMBER_2010":1912116,"THERM_DECEMBER_2010":4330147,"TOTAL_THERMS":25485794,"KWH_TOTAL_SQFT":6.434213001,"THERMS_TOTAL_SQFT":0.826993324,"TOTAL_POPULATION":168840,"TOTAL_UNITS":76583,"OCCUPIED_UNITS":69166,"RENTER_OCCUPIED_HOUSING_UNITS":45239,"OCCUPIED_HOUSING_UNITS":69166,"COMMUNITY_AREA_NUMBER":22,"KWH_TOTAL_SQMETERS":69.25732216,"THERMS_TOTAL_SQMETERS":8.901685892,"KWH_TOTAL_CAPITA":1182.0147358445865,"THERMS_TOTAL_CAPITA":150.94642264866147}
{"_id":{"$oid":"59cbe5be150aa223f053b03e"},"COMMUNITY_AREA_NAME":"Montclare","KWH_JANUARY_2010":1816497,"KWH_FEBRUARY_2010":1958706,"KWH_MARCH_2010":1935619,"KWH_APRIL_2010":1867161,"KWH_MAY_2010":2369370,"KWH_JUNE_2010":3564083,"KWH_JULY_2010":4117040,"KWH_AUGUST_2010":3226403,"KWH_SEPTEMBER_2010":2241728,"KWH_OCTOBER_2010":2109517,"KWH_NOVEMBER_2010":2738817,"KWH_DECEMBER_2010":3145335,"TOTAL_KWH":31090276,"ZERO_KWH_ACCOUNTS":683,"THERM_JANUARY_2010":897933,"THERM_FEBRUARY_2010":755224,"THERM_MARCH_2010":562930,"THERM_APRIL_2010":278965,"THERM_MAY_2010":191138,"THERM_JUNE_2010":95446,"THERM_JULY_2010":94311,"THERM_AUGUST_2010":85850,"THERM_SEPTEMBER_2010":86475,"THERM_OCTOBER_2010":120130,"THERM_NOVEMBER_2010":285114,"THERM_DECEMBER_2010":785892,"TOTAL_THERMS":4239408,"KWH_TOTAL_SQFT":7.41116714,"THERMS_TOTAL_SQFT":1.023758869,"TOTAL_POPULATION":23021,"TOTAL_UNITS":8088,"OCCUPIED_UNITS":7432,"RENTER_OCCUPIED_HOUSING_UNITS":2976,"OCCUPIED_HOUSING_UNITS":7432,"COMMUNITY_AREA_NUMBER":18,"KWH_TOTAL_SQMETERS":79.77317353,"THERMS_TOTAL_SQMETERS":11.0196535,"KWH_TOTAL_CAPITA":1350.5180487381087,"THERMS_TOTAL_CAPITA":184.15394639676816}
{"_id":{"$oid":"59cbe5be150aa223f053b043"},"COMMUNITY_AREA_NAME":"North Lawndale","KWH_JANUARY_2010":5015017,"KWH_FEBRUARY_2010":5667106,"KWH_MARCH_2010":5737241,"KWH_APRIL_2010":5673053,"KWH_MAY_2010":6173329,"KWH_JUNE_2010":6699508,"KWH_JULY_2010":8683803,"KWH_AUGUST_2010":8593360,"KWH_SEPTEMBER_2010":7597256,"KWH_OCTOBER_2010":6294595,"KWH_NOVEMBER_2010":8012433,"KWH_DECEMBER_2010":9465924,"TOTAL_KWH":83612625,"ZERO_KWH_ACCOUNTS":5905,"THERM_JANUARY_2010":2508854,"THERM_FEBRUARY_2010":2062541,"THERM_MARCH_2010":2027539,"THERM_APRIL_2010":1075358,"THERM_MAY_2010":630457,"THERM_JUNE_2010":386176,"THERM_JULY_2010":232933,"THERM_AUGUST_2010":186389,"THERM_SEPTEMBER_2010":209830,"THERM_OCTOBER_2010":291864,"THERM_NOVEMBER_2010":606873,"THERM_DECEMBER_2010":1566643,"TOTAL_THERMS":11785457,"KWH_TOTAL_SQFT":6.168552451,"THERMS_TOTAL_SQFT":0.905324337,"TOTAL_POPULATION":74028,"TOTAL_UNITS":30231,"OCCUPIED_UNITS":23638,"RENTER_OCCUPIED_HOUSING_UNITS":17863,"OCCUPIED_HOUSING_UNITS":23638,"COMMUNITY_AREA_NUMBER":29,"KWH_TOTAL_SQMETERS":66.39777457,"THERMS_TOTAL_SQMETERS":9.744834262,"KWH_TOTAL_CAPITA":1129.4729696871455,"THERMS_TOTAL_CAPITA":159.2026935754039}
{"_id":{"$oid":"59cbe5be150aa223f053b048"},"COMMUNITY_AREA_NAME":"Portage Park","KWH_JANUARY_2010":11145647,"KWH_FEBRUARY_2010":11525281,"KWH_MARCH_2010":11002861,"KWH_APRIL_2010":11215363,"KWH_MAY_2010":14680522,"KWH_JUNE_2010":21159664,"KWH_JULY_2010":23959169,"KWH_AUGUST_2010":18111011,"KWH_SEPTEMBER_2010":12536968,"KWH_OCTOBER_2010":12687186,"KWH_NOVEMBER_2010":16810179,"KWH_DECEMBER_2010":18722965,"TOTAL_KWH":183556816,"ZERO_KWH_ACCOUNTS":4233,"THERM_JANUARY_2010":5729622,"THERM_FEBRUARY_2010":4974711,"THERM_MARCH_2010":4033983,"THERM_APRIL_2010":2471007,"THERM_MAY_2010":1763718,"THERM_JUNE_2010":1274683,"THERM_JULY_2010":1213863,"THERM_AUGUST_2010":1160983,"THERM_SEPTEMBER_2010":1080595,"THERM_OCTOBER_2010":1323445,"THERM_NOVEMBER_2010":2069385,"THERM_DECEMBER_2010":4474326,"TOTAL_THERMS":31570321,"KWH_TOTAL_SQFT":7.386325869,"THERMS_TOTAL_SQFT":1.226959703,"TOTAL_POPULATION":136365,"TOTAL_UNITS":54197,"OCCUPIED_UNITS":49638,"RENTER_OCCUPIED_HOUSING_UNITS":23545,"OCCUPIED_HOUSING_UNITS":49638,"COMMUNITY_AREA_NUMBER":15,"KWH_TOTAL_SQMETERS":79.5057842,"THERMS_TOTAL_SQMETERS":13.20689002,"KWH_TOTAL_CAPITA":1346.069856634767,"THERMS_TOTAL_CAPITA":231.51337219961133}
{"_id":{"$oid":"59cbe5be150aa223f053b04d"},"COMMUNITY_AREA_NAME":"South Chicago","KWH_JANUARY_2010":3797802,"KWH_FEBRUARY_2010":3943314,"KWH_MARCH_2010":4004979,"KWH_APRIL_2010":3783725,"KWH_MAY_2010":4514647,"KWH_JUNE_2010":6013819,"KWH_JULY_2010":6596980,"KWH_AUGUST_2010":5646635,"KWH_SEPTEMBER_2010":4452162,"KWH_OCTOBER_2010":4770076,"KWH_NOVEMBER_2010":6413243,"KWH_DECEMBER_2010":7510113,"TOTAL_KWH":61447495,"ZERO_KWH_ACCOUNTS":5127,"THERM_JANUARY_2010":2353832,"THERM_FEBRUARY_2010":2052115,"THERM_MARCH_2010":1616087,"THERM_APRIL_2010":850189,"THERM_MAY_2010":539019,"THERM_JUNE_2010":242737,"THERM_JULY_2010":208749,"THERM_AUGUST_2010":205127,"THERM_SEPTEMBER_2010":197606,"THERM_OCTOBER_2010":378338,"THERM_NOVEMBER_2010":879042,"THERM_DECEMBER_2010":2142016,"TOTAL_THERMS":11664857,"KWH_TOTAL_SQFT":5.403414059,"THERMS_TOTAL_SQFT":1.04387263,"TOTAL_POPULATION":63176,"TOTAL_UNITS":28532,"OCCUPIED_UNITS":22159,"RENTER_OCCUPIED_HOUSING_UNITS":13522,"OCCUPIED_HOUSING_UNITS":22159,"COMMUNITY_AREA_NUMBER":46,"KWH_TOTAL_SQMETERS":58.16188992,"THERMS_TOTAL_SQMETERS":11.23615631,"KWH_TOTAL_CAPITA":972.6398474104091,"THERMS_TOTAL_CAPITA":184.64063885019627}
{"_id":{"$oid":"59cbe5be150aa223f053b052"},"COMMUNITY_AREA_NAME":"West Garfield Park","KWH_JANUARY_2010":2105367,"KWH_FEBRUARY_2010":2561506,"KWH_MARCH_2010":2611034,"KWH_APRIL_2010":2600741,"KWH_MAY_2010":2825387,"KWH_JUNE_2010":3297277,"KWH_JULY_2010":3855105,"KWH_AUGUST_2010":3852548,"KWH_SEPTEMBER_2010":3261685,"KWH_OCTOBER_2010":2841803,"KWH_NOVEMBER_2010":3517192,"KWH_DECEMBER_2010":4498684,"TOTAL_KWH":37828329,"ZERO_KWH_ACCOUNTS":2996,"THERM_JANUARY_2010":1328146,"THERM_FEBRUARY_2010":1175340,"THERM_MARCH_2010":1000645,"THERM_APRIL_2010":514595,"THERM_MAY_2010":309263,"THERM_JUNE_2010":174817,"THERM_JULY_2010":122199,"THERM_AUGUST_2010":112779,"THERM_SEPTEMBER_2010":123311,"THERM_OCTOBER_2010":193846,"THERM_NOVEMBER_2010":418148,"THERM_DECEMBER_2010":1158587,"TOTAL_THERMS":6631676,"KWH_TOTAL_SQFT":5.18321892,"THERMS_TOTAL_SQFT":0.93111308,"TOTAL_POPULATION":36474,"TOTAL_UNITS":16465,"OCCUPIED_UNITS":12110,"RENTER_OCCUPIED_HOUSING_UNITS":8752,"OCCUPIED_HOUSING_UNITS":12110,"COMMUNITY_AREA_NUMBER":26,"KWH_TOTAL_SQMETERS":55.79172814,"THERMS_TOTAL_SQMETERS":10.02242209,"KWH_TOTAL_CAPITA":1037.1313538410923,"THERMS_TOTAL_CAPITA":181.81926852004167}
{"_id":{"$oid":"59cbe5be150aa223f053b057"},"COMMUNITY_AREA_NAME":"West Town","KWH_JANUARY_2010":15549714,"KWH_FEBRUARY_2010":16944999,"KWH_MARCH_2010":16153217,"KWH_APRIL_2010":16196879,"KWH_MAY_2010":19854023,"KWH_JUNE_2010":25979697,"KWH_JULY_2010":31017102,"KWH_AUGUST_2010":30706267,"KWH_SEPTEMBER_2010":23492457,"KWH_OCTOBER_2010":19857396,"KWH_NOVEMBER_2010":22808073,"KWH_DECEMBER_2010":28433582,"TOTAL_KWH":266993406,"ZERO_KWH_ACCOUNTS":16833,"THERM_JANUARY_2010":6561427,"THERM_FEBRUARY_2010":5227643,"THERM_MARCH_2010":5191957,"THERM_APRIL_2010":2399100,"THERM_MAY_2010":1444437,"THERM_JUNE_2010":947549,"THERM_JULY_2010":714988,"THERM_AUGUST_2010":652889,"THERM_SEPTEMBER_2010":681104,"THERM_OCTOBER_2010":832599,"THERM_NOVEMBER_2010":1583857,"THERM_DECEMBER_2010":4427289,"TOTAL_THERMS":30664839,"KWH_TOTAL_SQFT":6.278885048,"THERMS_TOTAL_SQFT":0.736333233,"TOTAL_POPULATION":233660,"TOTAL_UNITS":118407,"OCCUPIED_UNITS":108147,"RENTER_OCCUPIED_HOUSING_UNITS":68392,"OCCUPIED_HOUSING_UNITS":108147,"COMMUNITY_AREA_NUMBER":24,"KWH_TOTAL_SQMETERS":67.58538528,"THERMS_TOTAL_SQMETERS":7.925828368,"KWH_TOTAL_CAPITA":1142.657733458872,"THERMS_TOTAL_CAPITA":131.23700676196182}
{"_id":{"$oid":"59cbe5be150aa223f053b05c"},"COMMUNITY_AREA_NAME":"Armour Square","KWH_JANUARY_2010":4508306,"KWH_FEBRUARY_2010":4281690,"KWH_MARCH_2010":3870872,"KWH_APRIL_2010":3921163,"KWH_MAY_2010":4050256,"KWH_JUNE_2010":4479974,"KWH_JULY_2010":6035549,"KWH_AUGUST_2010":5757511,"KWH_SEPTEMBER_2010":4587286,"KWH_OCTOBER_2010":3308681,"KWH_NOVEMBER_2010":4331480,"KWH_DECEMBER_2010":6336464,"TOTAL_KWH":55469232,"ZERO_KWH_ACCOUNTS":1211,"THERM_JANUARY_2010":851145,"THERM_FEBRUARY_2010":280628,"THERM_MARCH_2010":1035406,"THERM_APRIL_2010":322525,"THERM_MAY_2010":230636,"THERM_JUNE_2010":190149,"THERM_JULY_2010":159955,"THERM_AUGUST_2010":166368,"THERM_SEPTEMBER_2010":164219,"THERM_OCTOBER_2010":216001,"THERM_NOVEMBER_2010":442788,"THERM_DECEMBER_2010":857258,"TOTAL_THERMS":4917078,"KWH_TOTAL_SQFT":9.517477948,"THERMS_TOTAL_SQFT":0.833401356,"TOTAL_POPULATION":30590,"TOTAL_UNITS":12370,"OCCUPIED_UNITS":11385,"RENTER_OCCUPIED_HOUSING_UNITS":7292,"OCCUPIED_HOUSING_UNITS":11385,"COMMUNITY_AREA_NUMBER":34,"KWH_TOTAL_SQMETERS":102.4453241,"THERMS_TOTAL_SQMETERS":8.970661397,"KWH_TOTAL_CAPITA":1813.312585812357,"THERMS_TOTAL_CAPITA":160.74135338345866}
{"_id":{"$oid":"59cbe5be150aa223f053b061"},"COMMUNITY_AREA_NAME":"Douglas","KWH_JANUARY_2010":2224957,"KWH_FEBRUARY_2010":2361892,"KWH_MARCH_2010":2389572,"KWH_APRIL_2010":2296334,"KWH_MAY_2010":2463340,"KWH_JUNE_2010":2854264,"KWH_JULY_2010":4182091,"KWH_AUGUST_2010":3777831,"KWH_SEPTEMBER_2010":3041055,"KWH_OCTOBER_2010":2528505,"KWH_NOVEMBER_2010":2946534,"KWH_DECEMBER_2010":3793314,"TOTAL_KWH":34859689,"ZERO_KWH_ACCOUNTS":1647,"THERM_JANUARY_2010":1169663,"THERM_FEBRUARY_2010":951188,"THERM_MARCH_2010":808199,"THERM_APRIL_2010":466851,"THERM_MAY_2010":286269,"THERM_JUNE_2010":121925,"THERM_JULY_2010":108717,"THERM_AUGUST_2010":103062,"THERM_SEPTEMBER_2010":136381,"THERM_OCTOBER_2010":309588,"THERM_NOVEMBER_2010":602847,"THERM_DECEMBER_2010":1112933,"TOTAL_THERMS":6177623,"KWH_TOTAL_SQFT":5.364342928,"THERMS_TOTAL_SQFT":0.928148954,"TOTAL_POPULATION":22702,"TOTAL_UNITS":12223,"OCCUPIED_UNITS":10305,"RENTER_OCCUPIED_HOUSING_UNITS":6912,"OCCUPIED_HOUSING_UNITS":10305,"COMMUNITY_AREA_NUMBER":35,"KWH_TOTAL_SQMETERS":57.74133159,"THERMS_TOTAL_SQMETERS":9.990516496,"KWH_TOTAL_CAPITA":1535.5338296185357,"THERMS_TOTAL_CAPITA":272.11800722403314}
{"_id":{"$oid":"59cbe5be150aa223f053b066"},"COMMUNITY_AREA_NAME":"Mount Greenwood","KWH_JANUARY_2010":4091935,"KWH_FEBRUARY_2010":4418117,"KWH_MARCH_2010":4041022,"KWH_APRIL_2010":4392945,"KWH_MAY_2010":6663353,"KWH_JUNE_2010":8838273,"KWH_JULY_2010":9796913,"KWH_AUGUST_2010":7200283,"KWH_SEPTEMBER_2010":5084314,"KWH_OCTOBER_2010":4803048,"KWH_NOVEMBER_2010":6178849,"KWH_DECEMBER_2010":6511132,"TOTAL_KWH":72020184,"ZERO_KWH_ACCOUNTS":694,"THERM_JANUARY_2010":1784319,"THERM_FEBRUARY_2010":1461216,"THERM_MARCH_2010":1260297,"THERM_APRIL_2010":691575,"THERM_MAY_2010":379082,"THERM_JUNE_2010":218718,"THERM_JULY_2010":161442,"THERM_AUGUST_2010":160151,"THERM_SEPTEMBER_2010":160512,"THERM_OCTOBER_2010":221496,"THERM_NOVEMBER_2010":519043,"THERM_DECEMBER_2010":1243933,"TOTAL_THERMS":8261784,"KWH_TOTAL_SQFT":8.840078817,"THERMS_TOTAL_SQFT":0.993604421,"TOTAL_POPULATION":23722,"TOTAL_UNITS":9580,"OCCUPIED_UNITS":9056,"RENTER_OCCUPIED_HOUSING_UNITS":1635,"OCCUPIED_HOUSING_UNITS":9056,"COMMUNITY_AREA_NUMBER":74,"KWH_TOTAL_SQMETERS":95.15385743,"THERMS_TOTAL_SQMETERS":10.69507359,"KWH_TOTAL_CAPITA":3036.0080937526345,"THERMS_TOTAL_CAPITA":348.2751875895793}
