TRACT_ID,TOTAL_KWH,TOTAL_THERMS,TOTAL_SQFT,TOTAL_SQFT,KWH_PER_SQFT,THERMS_PER_SQFT,KWH_PER_SQMETER,THERMS_PER_SQMETER
Census Tract 010100,9718193,1585348,2201286,2051801,4.414779815,0.772661676,47.5203149,8.316864647
Census Tract 010201,10812991,2071047,2526524,2475121,4.279789545,0.836745759,46.0672911,9.00666027
Census Tract 010202,11537448,1078381,1324039,1347908,8.713827916,0.800040507,93.79490346,8.611568057
Census Tract 010300,11750062,2075786,2575499,2309756,4.562246772,0.898703586,49.1076367,9.673569056
Census Tract 010400,52467053,2777202,2498394,2495735,21.0003118,1.112779201,226.0455723,11.97786079
Census Tract 010501,6509421,1366138,1782501,1648671,3.65184704,0.828629848,39.30817131,8.919301292
Census Tract 010502,4884355,1000602,1398246,1280247,3.493201482,0.781569494,37.60052401,8.41274764
Census Tract 010503,5002749,979742,1128061,1116083,4.434821344,0.877839731,47.73604021,9.448992288
Census Tract 010600,10264732,2195457,2569869,2245183,3.994262743,0.977852139,42.99390485,10.52551736
Census Tract 010701,5973311,1159019,1426808,1365047,4.186485498,0.849068933,45.06297426,9.139305869
Census Tract 010702,13342529,1651694,2168216,1889460,6.153689946,0.87416193,66.23779583,9.409404754
Census Tract 020100,9163348,1487087,1662453,1563550,5.511944097,0.951096543,59.33009803,10.2375224
Census Tract 020200,23338530,2565573,2882492,3191522,8.096650398,0.803871319,87.15165709,8.652802591
Census Tract 020301,16454934,1814948,3867506,3845089,4.254662824,0.472017163,45.79682921,5.080752642
Census Tract 020302,9878605,1829239,2341315,2285452,4.219254991,0.800383907,45.41570231,8.615264378
Census Tract 020400,10009495,1450880,1902055,1693233,5.262463493,0.856869669,56.64471,9.223272325
Census Tract 020500,10037674,1875086,1955898,2167535,5.132002794,0.865077611,55.24044211,9.31162192
Census Tract 020601,14180176,2091001,2418216,2419074,5.863899668,0.864380751,63.1185179,9.304120972
Census Tract 020602,11128308,1754052,1818994,1851348,6.117836562,0.947445861,65.85187305,10.19822676
Census Tract 020701,7316363,875849,1058805,1004284,6.910019314,0.872112868,74.3788609,9.387348831
Census Tract 020702,15143572,2326815,2849500,2821021,5.314466398,0.824813073,57.20446485,8.878217851
Census Tract 020801,12172784,2278425,2448107,2490647,4.972325148,0.914792421,53.5216855,9.846747913
Census Tract 020802,14610444,2493201,2682892,2688309,5.445781642,0.927423522,58.61793098,9.982708003
Census Tract 020901,8315750,1765285,1760773,1709535,4.722783686,1.032611207,50.83564241,11.11493931
Census Tract 020902,7733623,1210778,884084,848882,8.747611087,1.426320737,94.15854264,15.35279525
Census Tract 030101,7708366,898952,1564649,1537773,4.926578421,0.584580429,53.02927162,6.292374078
Census Tract 030102,10993402,1398818,2654088,2169383,4.142063865,0.644799927,44.58482358,6.940571639
Census Tract 030103,4891088,533910,710692,835015,6.882148666,0.639401687,74.07886361,6.882465447
Census Tract 030104,3400967,1046790,1063042,1200481,3.199278109,0.871975483,34.43675779,9.385870027
Census Tract 030200,14633275,2612331,3252056,3158485,4.499699575,0.827083554,48.43438398,8.902657119
Census Tract 030300,6752112,945903,1363599,1151554,4.951684476,0.821414367,53.29951106,8.841634468
Census Tract 030400,9669197,1170267,1433145,1463168,6.746837898,0.799817246,72.62239,8.609164891
Census Tract 030500,13831077,2656581,3240285,3228615,4.268475458,0.822823719,45.94550723,8.856804608
Census Tract 030601,10536941,862609,2631333,1160446,4.004411832,0.743342646,43.10314879,8.001277094
Census Tract 030603,5339568,714349,986455,999240,5.412885535,0.714892318,58.26384008,7.695040183
Census Tract 030604,14939294,1782874,3504949,3224106,4.262342762,0.552982439,45.87949541,5.952256
Census Tract 030701,4995955,709162,638368,634429,7.826136335,1.117795687,84.23986669,12.03185782
Census Tract 030702,10908015,981495,4822947,4822947,2.261690829,0.203505243,24.34464796,2.190513145
Census Tract 030703,15015966,786862,2435299,1922613,6.165964015,0.409266972,66.36991287,4.405314915
Census Tract 030706,8875076,1669120,3420349,1030534,2.594786672,1.619665144,27.93006332,17.43393803
Census Tract 030800,15888775,2603416,2863196,2920069,5.549314472,0.891559754,59.73234957,9.596673458
Census Tract 030900,12790867,1459015,1800725,1718055,7.103176221,0.84922485,76.45798543,9.140984147
Census Tract 031000,13165073,1541513,1993188,1975907,6.605033243,0.780154633,71.09601674,8.397518194
Census Tract 031100,12803422,2461667,2470559,2811803,5.182398801,0.87547634,55.78290046,9.423552956
Census Tract 031200,15149210,1498890,1754717,1538810,8.63342066,0.974057876,92.92940658,10.48467623
Census Tract 031300,12812145,1577211,2890930,2805900,4.431842002,0.562105207,47.70397083,6.050452697
Census Tract 031400,18227786,1719404,4323103,4826690,4.216366346,0.356228388,45.38460917,3.834412112
Census Tract 031501,6900858,819819,2342156,1572501,2.946369926,0.521347204,31.71447559,5.611737019
Census Tract 031502,7978134,951491,1422997,1203137,5.606571201,0.790841774,60.34865614,8.512553679
Census Tract 031700,15446004,2247137,2907065,2948117,5.313264065,0.76222789,57.19152304,8.204556256
Census Tract 031800,6836413,906135,1022090,970740,6.68866049,0.933447679,71.99617332,10.04755152
Census Tract 031900,8401346,1223826,1707901,1493228,4.919105967,0.819584149,52.94883876,8.82193416
Census Tract 032100,20670107,2479873,5280212,5294046,3.914635814,0.468426795,42.13680736,5.042106228
Census Tract 040100,10560311,1595475,1863304,1796729,5.667519095,0.887988673,61.00469409,9.55823464
Census Tract 040201,49083124,3435671,3000009,2874012,16.36099225,1.195426811,176.1083307,12.86747264
Census Tract 040202,14299056,2508101,2802828,2619772,5.101653045,0.957373771,54.91375999,10.30508995
Census Tract 040300,7427479,1223608,1537763,1527340,4.830054436,0.801136617,51.99029564,8.623366485
Census Tract 040401,7958701,1321473,1495102,1590021,5.323182632,0.831104117,57.29828566,8.945934119
Census Tract 040402,8754104,1574009,1935011,1898397,4.524059036,0.829125309,48.69658715,8.924634397
Census Tract 040600,9969563,1367018,1600595,1553129,6.228660592,0.880170288,67.04477349,9.474078216
Census Tract 040700,8709464,1185861,1380221,1340144,6.310195251,0.884875804,67.92240564,9.524727989
Census Tract 040800,3995150,660282,813907,805259,4.908607494,0.819962273,52.83583409,8.826004252
Census Tract 040900,6553690,1066371,1020165,989278,6.424147074,1.07792855,69.14897338,11.60273134
Census Tract 050100,6496901,1272822,1291899,1279172,5.028954276,0.995035851,54.13123662,10.71048138
Census Tract 050200,17303072,2595143,2327234,2381429,7.435037474,1.089741915,80.03011177,11.72988941
Census Tract 050300,8385219,1071421,1146549,1176172,7.313441467,0.910939046,78.72126268,9.805270512
Census Tract 050500,14896504,2037208,2549790,2544676,5.842247401,0.800576576,62.88545473,8.61733826
Census Tract 050600,9346254,999964,1269869,1331581,7.360014301,0.750959949,79.22256871,8.083269099
Census Tract 050700,5091052,533903,659066,669199,7.724646697,0.797823966,83.14744085,8.587709392
Census Tract 050800,4509040,537835,620221,614920,7.270053739,0.87464223,78.25424086,9.414574663
Census Tract 050900,4443357,600254,665317,680603,6.678556237,0.881944393,71.887412,9.493174531
Census Tract 051000,4105600,551197,609560,635711,6.735350089,0.867055942,72.49873619,9.332916505
Census Tract 051100,5176534,615090,743597,719026,6.96147779,0.855448899,74.93275556,9.207979279
Census Tract 051200,4349815,546920,752171,878418,5.783013437,0.6226193,62.24786538,6.701821251
Census Tract 051300,8378348,968501,1192963,1206313,7.023141539,0.802860452,75.59649892,8.641921699
Census Tract 051400,5791277,651530,834175,799280,6.942520454,0.815146132,74.72870041,8.774163714
Census Tract 060100,7992761,1091223,1507252,1474854,5.302869726,0.73988544,57.07963926,7.964064018
Census Tract 060200,6409270,1460636,1766869,1853159,3.627473231,0.78818709,39.04581371,8.483978884
Census Tract 060300,8505652,1128496,1425607,1450527,5.966337146,0.777990344,64.22114621,8.374221976
Census Tract 060400,9569919,1296718,1786078,1717017,5.35806331,0.755215586,57.6737383,8.129076414
Census Tract 060500,4204131,606979,691666,707935,6.078267545,0.857393687,65.42595552,9.228912815
Census Tract 060800,15761501,1973436,3886697,3709513,4.055243051,0.531993283,43.65029171,5.726330508
Census Tract 060900,20793695,3299962,5393286,5437698,3.855477903,0.606867465,41.50003663,6.532269839
Census Tract 061000,10157459,801236,1075386,1057729,9.445407509,0.75750594,101.6695641,8.153729585
Census Tract 061100,11805887,663888,691166,865779,17.08111655,0.766810006,183.8596875,8.253877763
Census Tract 061200,5940781,820061,1056384,1022156,5.623694603,0.802285561,60.53297099,8.635733627
Census Tract 061500,4539557,735744,957295,975796,4.74206697,0.753993663,51.04320603,8.115923733
Census Tract 061800,6494305,480638,728493,594666,8.914711603,0.808248664,95.9571984,8.699919959
Census Tract 061901,10425731,1613948,1792704,1672892,5.815645528,0.964765209,62.59911443,10.38465075
Census Tract 061902,14449519,2519955,5107965,4778101,2.828821067,0.527396763,30.44918966,5.676853954
Census Tract 062000,13799431,1331754,1827295,1758388,7.551835363,0.757372093,81.28731433,8.152288872
Census Tract 062100,14979062,1490281,2000395,2033559,7.48805211,0.732843748,80.60075681,7.888267853
Census Tract 062200,9178659,1088468,1394412,1415713,6.582458413,0.768847923,70.85302318,8.275813733
Census Tract 062300,5352785,601176,794632,844788,6.736181025,0.711629427,72.50768032,7.659918695
Census Tract 062400,4695660,595213,746572,761225,6.289627792,0.781914677,67.70101926,8.416463161
Census Tract 062500,7796847,826270,767079,874183,10.16433379,0.94519111,109.4080255,10.17395681
Census Tract 062600,15334927,944280,1480555,1290532,10.35755308,0.731698245,111.4878215,7.875937756
Census Tract 062700,13887790,1352279,1675874,1765532,8.286893883,0.765932875,89.1994218,8.244436397
Census Tract 062800,11525894,1389615,1737537,1823635,6.633466798,0.762002813,71.40207311,8.202133549
Census Tract 062900,10936428,1531502,1759876,1734519,6.214317372,0.882954871,66.8903843,9.504051226
Census Tract 063000,15349727,1459898,2053202,2074750,7.475994568,0.703650078,80.47097046,7.574029669
Census Tract 063100,9051678,1003781,1179894,1165298,7.671602703,0.861394253,82.5764798,9.271974563
Census Tract 063200,23215931,2700071,5162781,5125538,4.496787875,0.526787822,48.40304269,5.670299367
Census Tract 063301,8046659,1107870,1045496,1667751,7.696499078,0.664289813,82.84446227,7.150359117
Census Tract 063302,6254204,1320521,2477752,2444303,2.524144466,0.540244397,27.16967661,5.815144795
Census Tract 063303,4948484,406700,1033576,1035416,4.787731139,0.392788985,51.53473127,4.227947271
Census Tract 063400,18251825,1091457,2115067,1926190,8.629431124,0.566640363,92.88646356,6.099268727
Census Tract 070101,20168082,1884966,4203959,4162669,4.797402163,0.4528263,51.63882935,4.874183823
Census Tract 070102,18662181,706037,2219995,1902596,8.406406771,0.371091393,90.48584837,3.994396231
Census Tract 070103,5013333,563392,1203257,745449,4.166469009,0.755775378,44.84751847,8.13510197
Census Tract 070200,16673573,1934760,2302478,2314912,7.241577553,0.835781231,77.94772561,8.996278167
Census Tract 070300,23149335,1742332,1792956,1781012,12.91126776,0.97828201,138.9757894,10.53014446
Census Tract 070400,11924364,1271769,1770823,1800520,6.733797788,0.706334281,72.48202736,7.602922201
Census Tract 070500,9076192,1009014,1450776,1389835,6.256094669,0.725995532,67.34007157,7.814554232
Census Tract 070600,11765109,1193321,1849643,1897282,6.36074583,0.628963433,68.46652778,6.770108963
Census Tract 070700,25314811,1311011,1938183,1899554,13.06110465,0.690167797,140.588621,7.428907541
Census Tract 071000,8489725,1503104,1458174,1575243,5.822161827,0.954204526,62.66925532,10.27097646
Census Tract 071100,12751888,1386297,1844034,1903215,6.91521306,0.728397475,74.43476594,7.840408542
Census Tract 071200,33134923,1107328,1476929,1362066,22.43501414,0.812976757,241.4885864,8.750812755
Census Tract 071300,14451786,1474578,1934759,1841960,7.469553572,0.800548329,80.40164012,8.617034207
Census Tract 071400,14662555,1969675,1649944,2923627,8.886698579,0.673709403,95.65566859,7.25175078
Census Tract 071500,21251578,2648130,3050636,2752135,6.966277852,0.962209339,74.98442302,10.35713959
Census Tract 071600,6640946,734410,1079827,1081981,6.150009214,0.67876423,66.19817675,7.306160508
Census Tract 071700,5196518,676111,893017,1012580,5.819058316,0.667711193,62.63584939,7.187186562
Census Tract 071800,15432185,1312304,1698919,1667647,9.08353194,0.786919534,97.77436617,8.470335015
Census Tract 080100,66831543,3217737,7734314,7739272,8.640914113,0.4157674,93.01006548,4.475284978
Census Tract 080201,18929195,2464853,3674421,3585040,5.151613002,0.687538493,55.45152473,7.400605936
Census Tract 080202,22791013,1505793,3330901,2613325,6.842296724,0.576198138,73.64990069,6.202147814
Census Tract 080300,25931796,2235065,4487272,4390529,5.77896682,0.509065081,62.20430793,5.479533285
Census Tract 080400,11015685,867720,1140647,1150946,9.657400581,0.75391895,103.9514395,8.115119535
Census Tract 081000,27471643,2638965,3896588,4625644,7.050179028,0.570507588,75.88752816,6.14089521
Census Tract 081100,23614467,1582968,2426136,2162704,9.733364906,0.731939276,104.769113,7.87853219
Census Tract 081201,124376046,3860703,5693207,6020630,21.84639448,0.641245684,235.1527344,6.902314065
Census Tract 081202,43182127,3138900,6151203,6419116,7.020110863,0.488992565,75.56387698,5.263474434
Census Tract 081300,101269852,3432414,12228306,10178690,8.281592888,0.337215693,89.14236233,3.629761071
Census Tract 081401,232162045,4165332,3369557,5779680,68.8998717,0.720685574,741.6323661,7.7573983
Census Tract 081402,61128071,1748797,3509700,3489100,17.41689347,0.501217219,187.4739617,5.395059571
Census Tract 081403,110627969,4980682,13251914,10814543,8.348074776,0.460554089,89.85796773,4.957365091
Census Tract 081500,242611717,3566305,20168579,15053892,12.02919239,0.236902523,129.481205,2.549998636
Census Tract 081600,55302191,826619,10849806,3326159,5.097067266,0.248520591,54.86439906,2.675054529
Census Tract 081700,76094541,964696,7334035,4895581,10.37553557,0.197054446,111.6813835,2.121077313
Census Tract 081800,53936668,1646484,4885892,3534925,11.03926734,0.465776219,118.8257359,5.013575651
Census Tract 081900,1392112,144845,1025520,250184,1.357469381,0.57895389,14.61168511,6.23181049
Census Tract 090100,12229198,1631306,1719016,1766211,7.114068746,0.923618979,76.57523165,9.941756226
Census Tract 090200,18334008,2955529,2957760,3240325,6.198612463,0.912108816,66.72133799,9.817861815
Census Tract 090300,6792312,714153,865853,879240,7.844647995,0.812238979,84.43912462,8.742871372
Census Tract 100100,19565027,2612547,2689505,2773490,7.274582869,0.941970946,78.30299204,10.13929525
Census Tract 100200,25790341,2878513,3237030,3305112,7.967285135,0.870927521,85.75918038,9.374589849
Census Tract 100300,18834102,2877877,3106633,2904936,6.062544884,0.990685165,65.25671812,10.66365096
Census Tract 100400,10538385,1312427,1434389,1466930,7.346950513,0.894675956,79.08195121,9.630215988
Census Tract 100500,22664584,2279537,3128195,2780661,7.245259327,0.819782419,77.98735592,8.824068315
Census Tract 100600,15700333,1997196,2115831,2169440,7.420409759,0.920604396,79.87266029,9.90930751
Census Tract 100700,14064949,1879548,2101806,2055907,6.69183978,0.914218396,72.03039492,9.840569153
Census Tract 110100,25680865,2707360,3128227,3227474,8.209399446,0.838847966,88.36527826,9.029288246
Census Tract 110200,10396771,1287220,1260243,1581071,8.24981452,0.814144336,88.80030268,8.763380476
Census Tract 110300,13781410,1892448,2069545,2171095,6.659149716,0.871656008,71.67852186,9.382431221
Census Tract 110400,12221472,1712288,1823849,1912607,6.700923158,0.895263899,72.12816763,9.636544557
Census Tract 110501,13854796,1976479,1924087,1969598,7.200711818,1.003493606,77.50785032,10.80151993
Census Tract 110502,12474904,1275294,1825816,1615560,6.832508862,0.78938201,73.54454497,8.496840898
Census Tract 120100,16295666,2105366,2518046,2554211,6.471552148,0.824272544,69.65923757,8.872399647
Census Tract 120200,25934238,2345214,2915211,2836427,8.896178699,0.826819798,95.75771179,8.899818071
Census Tract 120300,23262449,3136278,3831555,3960486,6.071281503,0.791892207,65.35075835,8.523860448
Census Tract 120400,11826416,1471775,1533443,1571837,7.712328401,0.936340727,83.01484775,10.07869205
Census Tract 130100,27612031,1847738,2545671,2593698,10.84666125,0.712395198,116.7525403,7.668161393
Census Tract 130200,20332581,1008983,1735124,1824472,11.71822936,0.553027396,126.1340254,5.952739916
Census Tract 130300,11388142,1936203,2232636,2247891,5.100760715,0.861342031,54.90415503,9.271412455
Census Tract 140100,5566552,1084937,1274863,1258219,4.36639231,0.862279937,46.99947591,9.281507992
Census Tract 140200,10017664,1586687,1554250,1607533,6.445336336,0.987032304,69.3770528,10.62433187
Census Tract 140301,4517112,755451,911568,844924,4.955320941,0.894105269,53.33865367,9.624073158
Census Tract 140302,9400506,1531283,1516834,1574383,6.197452061,0.972624196,66.70884752,10.46924423
Census Tract 140400,18123201,2606863,2639068,2605937,6.867273219,1.000355342,73.91874556,10.76773993
Census Tract 140500,8660743,1239912,1272093,1305190,6.808262446,0.949985826,73.28355862,10.22556673
Census Tract 140601,5743109,868452,845440,863955,6.793041493,1.005205132,73.11972157,10.81994265
Census Tract 140602,7295534,1499201,1635111,1625701,4.461797395,0.922187413,48.02640813,9.926346978
Census Tract 140701,5267243,799492,923392,931070,5.704232872,0.858680873,61.39987806,9.242767968
Census Tract 140702,9596990,1598216,1759111,1738697,5.455590921,0.919203288,58.72351722,9.894226112
Census Tract 140800,15260579,2533158,2676122,2660532,5.702497495,0.952124613,61.38119861,10.24858845
Census Tract 150200,22988320,10018762,3368904,3311825,6.823679155,3.02514837,73.44950276,32.56244007
Census Tract 150300,22310078,3259451,3358494,3366531,6.642881601,0.968192778,71.50341325,10.42154481
Census Tract 150401,13269542,1830836,1932103,1982916,6.867926813,0.92330487,73.9257808,9.938375189
Census Tract 150402,11640815,1643077,1525294,1558802,7.631849991,1.054063954,82.14858499,11.34585486
Census Tract 150501,15053016,1381875,1398854,1533780,10.7609629,0.900960372,115.8300906,9.697860913
Census Tract 150502,11386943,1450990,1597132,1686349,7.129619217,0.860432805,76.7426156,9.261625618
Census Tract 150600,10674766,1572072,1446680,1463221,7.3788025,1.07439136,79.42480328,11.56465733
Census Tract 150700,10735165,1639516,1604088,1644337,6.692379096,0.997068119,72.03620008,10.73235654
Census Tract 150800,10944799,1747521,1644641,1750602,6.654825582,0.998240034,71.63197725,10.74497093
Census Tract 151001,4768929,861197,847875,862035,5.624566121,0.999027882,60.54235193,10.75345125
Census Tract 151002,13634338,1656074,1875931,1912816,7.26803811,0.865777994,78.23254481,9.319160784
Census Tract 151100,11219130,1822473,1778180,1826463,6.309333138,0.99781545,67.91312593,10.74040074
Census Tract 151200,13183085,1837918,1502445,1865259,8.774421027,0.985341982,94.44712256,10.60613739
Census Tract 160100,7157187,936231,1065180,1001678,6.719227736,0.934662636,72.32519656,10.06062922
Census Tract 160200,13545004,1652891,2295499,1779815,5.900679547,0.92868697,63.51441339,9.996307657
Census Tract 160300,8205855,1440962,1668049,1370567,4.919432822,1.051361955,52.952357,11.31677077
Census Tract 160400,12830697,1799810,1954654,1925715,6.56417811,0.93461909,70.65625556,10.06016048
Census Tract 160501,8765290,1171617,1208366,1191447,7.253837,0.983356373,78.07968526,10.58476446
Census Tract 160502,7713276,1102075,1086026,1077105,7.102294052,1.023182512,76.44848984,11.01344965
Census Tract 160601,9033385,1195144,1297974,1296798,6.959603967,0.921611539,74.9125859,9.920148311
Census Tract 160602,7436997,1091013,1179588,1149830,6.304741147,0.948847221,67.86369813,10.21331088
Census Tract 160700,13776227,2128163,2136789,2161172,6.44716301,0.984726343,69.39671496,10.5995107
Census Tract 160800,13857435,1940162,2058807,2082422,6.730808182,0.931685316,72.44984749,10.0285816
Census Tract 160900,7721123,1194152,1299309,1270065,5.942484043,0.940229043,63.96439344,10.12054555
Census Tract 161000,5340746,852777,970452,989339,5.503359259,0.861966424,59.23769156,9.278133365
Census Tract 161100,15072912,1121975,1295615,1354371,11.63378936,0.828410384,125.2251204,8.916938999
Census Tract 161200,7306815,965132,1121442,959016,6.51555319,1.00637737,70.13286104,10.83256052
Census Tract 161300,8941911,1512437,1721645,1652135,5.193818122,0.915443956,55.90581705,9.853760975
Census Tract 170100,9295666,787679,1225041,1264789,7.588044808,0.622775024,81.67706972,6.703497456
Census Tract 170200,9956996,1523366,1400762,1407074,7.10827107,1.082648105,76.51282595,11.65353223
Census Tract 170300,17306530,2186232,2054073,2149589,8.425469786,1.017046514,90.69104104,10.94740228
Census Tract 170400,12074761,1511591,1533564,1568059,7.873659658,0.9639886,84.7514037,10.3762914
Census Tract 170500,14285832,1949355,2055583,2177568,6.949771427,0.895198221,74.80674927,9.635837606
Census Tract 170600,7239825,971754,1099553,1117096,6.584334725,0.869893008,70.87321965,9.363454445
Census Tract 170700,8025585,1109342,1181089,1205321,6.795072175,0.92037059,73.14157966,9.906790847
Census Tract 170800,11512597,1351897,1386582,1419250,8.302860559,0.952543245,89.37128574,10.25309457
Census Tract 170900,4888155,613474,619316,611222,7.89282854,1.003684422,84.95773592,10.80357386
Census Tract 171000,22753633,2896041,3119427,3049702,7.294170692,0.949614421,78.5138337,10.22156896
Census Tract 171100,10077166,1508467,1384679,1418725,7.277618856,1.063255388,78.33567114,11.44479067
Census Tract 180100,14476923,2000642,1935785,1933222,7.478580008,1.034874422,80.49879991,11.13930037
Census Tract 190100,7301244,789875,1018676,933831,7.167385901,0.845843627,77.14913298,9.104588947
Census Tract 190200,11519041,1738298,1733242,1750973,6.645950767,0.992761168,71.53644949,10.68599687
Census Tract 190300,12922512,2076363,1855261,1871793,6.965333719,1.109290931,74.97426045,11.94031335
Census Tract 190401,9604491,1400025,1262059,1269029,7.610175911,1.103225379,81.91528703,11.87502427
Census Tract 190402,12200793,1879707,1817104,1741363,6.714416456,1.079445813,72.27340835,11.61906304
Census Tract 190601,7922760,1316744,1094887,1090757,7.236144004,1.207183635,77.88923936,12.9940221
Census Tract 190602,10367126,1539965,1464426,1547262,7.079310255,0.995283927,76.20109421,10.71315165
Census Tract 190701,5527885,883775,866689,841229,6.378164486,1.050576002,68.65402071,11.30831085
Census Tract 190702,6243958,1164404,1177764,1209867,5.301535792,0.962423142,57.0652809,10.35944095
Census Tract 190800,14276061,2055478,1826092,1843050,7.817821336,1.115258946,84.15036475,12.00455255
Census Tract 190900,4825649,649175,557399,577096,8.657441079,1.124899497,93.18796034,12.10832262
Census Tract 191000,11276674,813026,876217,907736,12.86972748,0.895663497,138.5286533,9.640845795
Census Tract 191100,12193115,2000858,2004087,2063969,6.084124591,0.969422506,65.48900026,10.4347815
Census Tract 191200,14361662,1251060,1433184,1555983,10.02080821,0.804031921,107.8631284,8.654531292
Census Tract 191301,29856755,2835844,1340985,1974342,22.26479416,1.43634892,239.656353,15.46073776
Census Tract 191302,11199550,1668935,1450740,1470715,7.719887781,1.134777982,83.09621628,12.2146538
Census Tract 200100,7490107,1283912,1085497,1094622,6.900163704,1.172927275,74.27277595,12.62528955
Census Tract 200200,10163294,3274482,1617905,2295996,6.281761908,1.426170603,67.61635155,15.35117922
Census Tract 200300,7798311,624897,695772,721235,11.20814146,0.866426338,120.6434826,9.326139502
Census Tract 200401,5700081,1184467,817038,914621,6.97651884,1.295035867,75.09465615,13.93965606
Census Tract 200402,7234114,1226158,1117670,1168881,6.472495459,1.049001566,69.66939129,11.29136375
Census Tract 210100,25007444,1402926,1732180,1844875,14.43697768,0.760445017,155.3984014,8.18536556
Census Tract 210400,7218055,1270033,970228,2244405,7.439545138,0.565866232,80.07863188,6.09093605
Census Tract 210501,8921217,1162191,1147392,1183070,7.77521283,0.982351847,83.69173041,10.57395183
Census Tract 210502,6405449,1159306,1143712,1246973,5.600578642,0.929696152,60.28415274,10.00717041
Census Tract 210601,4956698,829573,880492,911465,5.629463982,0.910153434,60.59507208,9.79681425
Census Tract 210602,9290244,1387919,1445487,1477407,6.427068524,0.939429013,69.18041962,10.11193409
Census Tract 210700,8688475,1373968,1554718,1573803,5.588457199,0.873024133,60.15367856,9.397157608
Census Tract 210800,2987660,367352,405676,407747,7.364645678,0.900931215,79.27242046,9.697547062
Census Tract 210900,18577949,1135187,1558504,1374518,11.920373,0.825880054,128.3098823,8.889702743
Census Tract 220300,4849831,782887,952440,1005212,5.092006846,0.77882775,54.80992913,8.383235738
Census Tract 220400,7598342,1115736,1417655,1367791,5.359796283,0.815721115,57.69239189,8.78035279
Census Tract 220500,6982046,1126549,1328868,1371127,5.254130583,0.821622651,56.55501527,8.843876415
Census Tract 220601,3139381,547507,638772,653963,4.914712918,0.837214032,52.90155235,9.01170072
Census Tract 220602,12765707,1986485,2378113,2287837,5.367998493,0.868280826,57.78067977,9.346101051
Census Tract 220701,5270946,872878,921677,939553,5.718864635,0.929035403,61.55737312,10.00005816
Census Tract 220702,12784693,1324682,1878022,1615437,6.807531009,0.820014646,73.27568549,8.826567992
Census Tract 220901,5371858,802181,823916,816355,6.519909797,0.982637456,70.17975519,10.5770261
Census Tract 220902,6147048,1027828,1179746,1260160,5.210484291,0.815632936,56.08521028,8.779403631
Census Tract 221000,4799610,764204,920416,920097,5.214609481,0.830568951,56.12961348,8.940173631
Census Tract 221100,7513687,1451569,1732318,1749804,4.337360115,0.829560911,46.68697583,8.929323174
Census Tract 221200,6288735,762606,1032335,961276,6.091758005,0.793326786,65.57116568,8.539302137
Census Tract 221300,7182959,1019372,1292626,1290899,5.556873372,0.789660539,59.81371293,8.49983896
Census Tract 221400,8577260,1041002,1047987,1072735,8.184509922,0.970418603,88.09736954,10.44550341
Census Tract 221500,8366081,865569,1201519,1210023,6.96292027,0.715332684,74.9482823,7.699780241
Census Tract 221600,8052643,1139430,1345710,1386707,5.983936361,0.821680427,64.41058266,8.844498316
Census Tract 222200,6230007,738840,981219,1001585,6.349252308,0.737670792,68.34281248,7.940225739
Census Tract 222500,7549919,518161,588745,618042,12.82375052,0.838391242,138.0337612,9.024372109
Census Tract 222600,3496563,545483,655709,625866,5.332492005,0.871565159,57.39849095,9.381453336
Census Tract 222700,4386274,626183,753636,728503,5.82014925,0.859547593,62.64759211,9.252097271
Census Tract 222800,2176651,360070,417740,418812,5.210540049,0.859741364,56.08581046,9.254183004
Census Tract 222900,2185939,315018,345082,343608,6.334549469,0.91679472,68.18455238,9.868300481
Census Tract 230100,2745280,504096,602587,570015,4.555823474,0.884355675,49.03849687,9.519129359
Census Tract 230200,4030037,527814,608657,581648,6.621195517,0.90744574,71.26998609,9.767668863
Census Tract 230300,1749182,232594,254033,243870,6.885648715,0.95376225,74.11653784,10.26621584
Census Tract 230400,5190330,737385,795790,750054,6.522235766,0.983109216,70.20479173,10.58210409
Census Tract 230500,10155078,1134391,1164321,1148471,8.721888551,0.987740222,93.88166745,10.63195184
Census Tract 230600,14346098,4088912,2057069,2240763,6.974048027,1.824785575,75.06806052,19.64183692
Census Tract 230700,11392425,1825631,1799385,1833448,6.33128819,0.995736448,68.14944824,10.71802254
Census Tract 230800,2277389,389850,347962,337278,6.544935941,1.155871418,70.44913449,12.44170175
Census Tract 230900,9611454,1633835,1850542,1883325,5.19385888,0.867526847,55.90625577,9.337985291
Census Tract 231100,2289232,356449,343450,336789,6.665401077,1.058374828,71.74581098,11.39225674
Census Tract 231200,9674118,1686391,1775342,1702586,5.449157402,0.990487999,58.65426737,10.66152868
Census Tract 231500,10117007,1694086,1826377,1686770,5.539385899,1.004337284,59.62547925,10.8106012
Census Tract 240200,6130604,555023,824063,842400,7.439484603,0.658859212,80.07798029,7.091904586
Census Tract 240300,7211108,736139,867832,890124,8.309336369,0.827007248,89.44099081,8.901835769
Census Tract 240500,8119662,834140,1140149,1133942,7.121579723,0.735610816,76.65607917,7.918052335
Census Tract 240600,4257244,420593,596568,603293,7.136225879,0.697162075,76.81372914,7.504193357
Census Tract 240700,3365311,389201,502666,513464,6.694924662,0.757990823,72.06360033,8.15894883
Census Tract 240800,2868019,485263,563572,582928,5.089001938,0.832457868,54.77758455,8.960505773
Census Tract 240900,1947264,336306,422379,480394,4.610229202,0.700062865,49.62411549,7.53541721
Census Tract 241000,4118504,694351,745944,822128,5.521197302,0.84457773,59.42969874,9.09096294
Census Tract 241100,7481137,1148755,1484037,1479152,5.041071752,0.776630799,54.26166811,8.359587949
Census Tract 241200,5690639,830468,941748,1103507,6.042634548,0.752571574,65.04240496,8.100616493
Census Tract 241300,4861915,640571,792775,817791,6.132780423,0.783294265,66.0127275,8.431312925
Census Tract 241400,16404070,2046497,2459775,2558331,6.668931101,0.79993441,71.78380786,8.61042604
Census Tract 241500,16097830,1414966,1637643,1641548,9.829877452,0.86197053,105.8079659,9.278177564
Census Tract 241600,7961960,1048868,1418557,1401683,5.612717712,0.748291875,60.41481666,8.054550174
Census Tract 242000,10729774,1075768,1935116,1352207,5.544770443,0.795564584,59.68343802,8.563389604
Census Tract 242100,10992936,1309929,1556008,1572096,7.064832572,0.833237283,76.04525765,8.968895334
Census Tract 242200,9222359,1300397,1562080,1647185,5.903896727,0.789466271,63.54904285,8.497747879
Census Tract 242300,17948949,1996664,2640251,3004061,6.798197974,0.664654945,73.1752255,7.154289371
Census Tract 242400,7398493,1292642,1541721,1560674,4.798853359,0.828258816,51.6544499,8.91530754
Census Tract 242500,8461391,1124246,1534184,1367663,5.51523872,0.822019752,59.36556107,8.84815078
Census Tract 242600,11663180,1862002,2265210,2298491,5.148829468,0.810097581,55.42156301,8.719821549
Census Tract 242700,3098870,560828,763098,759625,4.060906987,0.73829587,43.71125784,7.946954024
Census Tract 242800,5681349,820741,1090175,1106121,5.211410095,0.741999293,56.09517556,7.986817358
Census Tract 242900,7288027,954287,1072229,1236008,6.797080661,0.772071864,73.16319883,8.310515953
Census Tract 243000,9280368,908803,1164052,1057504,7.972468584,0.859384929,85.81497459,9.250346372
Census Tract 243100,7138634,898816,1146761,1153676,6.225040789,0.779088756,67.00581024,8.38604519
Census Tract 243200,6391095,816538,1119520,1045687,5.708781442,0.780862725,61.44883849,8.405140035
Census Tract 243300,8067244,854332,1336677,1331389,6.035297981,0.641684737,64.96343478,6.907039996
Census Tract 243400,8896093,973450,1430716,1397075,6.217930742,0.696777195,66.92927831,7.500050539
Census Tract 243500,15576002,830280,2166516,1788625,7.189423941,0.464200154,77.38634857,4.996611022
Census Tract 250200,7196303,1037110,964868,1109346,7.458329015,0.934884157,80.28081994,10.06301365
Census Tract 250300,10806730,1513309,1664806,1616528,6.49128487,0.936147719,69.87163892,10.07661452
Census Tract 250400,17382403,2270573,3141046,2409619,5.533953657,0.942295442,59.56700707,10.14278809
Census Tract 250500,28658313,3731252,3742678,3812367,7.657167675,0.978723192,82.42110239,10.5348933
Census Tract 250600,10368746,1779725,1584405,1556446,6.544252259,1.143454383,70.44177539,12.30804584
Census Tract 250700,12294679,2244011,2272164,2186219,5.410999822,1.02643468,58.24354243,11.0484557
Census Tract 250800,11334453,1065564,1113647,1150924,10.17777896,0.925833504,109.5527481,9.965593191
Census Tract 251000,8140650,501822,1315546,973426,6.188039035,0.515521467,66.6075265,5.549029283
Census Tract 251100,9912165,1544530,1517088,1445883,6.533678336,1.068226129,70.32795858,11.49829531
Census Tract 251200,9558358,1577985,1487254,1458293,6.426849751,1.082076784,69.17806477,11.64738259
Census Tract 251300,10464081,1900490,1805429,1811186,5.795897263,1.049306918,62.38654579,11.29465053
Census Tract 251400,7666279,1624563,1573489,1573861,4.872152904,1.032215043,52.44343997,11.11067504
Census Tract 251500,7147180,1383846,1488839,1388870,4.800505629,0.996382671,51.67223479,10.72497843
Census Tract 251600,7116289,1197521,1184808,1130881,6.006280342,1.058927509,64.65109138,11.39820575
Census Tract 251700,2796035,631896,469218,468304,5.958925276,1.349328641,64.14136546,14.52405887
Census Tract 251800,11853334,1932831,2154876,2128297,5.500703521,0.908158495,59.20910542,9.775340891
Census Tract 251900,9139499,1718069,2044362,1999325,4.470587401,0.859324522,48.12102301,9.249696156
Census Tract 252000,10069079,1599663,2158448,2098854,4.66496251,0.762160207,50.21326018,8.203827728
Census Tract 252101,3801678,591266,720008,628448,5.280049666,0.9408352,56.83400607,10.12707017
Census Tract 252102,14662454,2533631,2362781,2244479,6.205591631,1.128828116,66.79646116,12.15060994
Census Tract 252201,5883032,1011822,1017074,1191632,5.784271351,0.8491061,62.26140545,9.139705928
Census Tract 252202,8120572,1535342,1652830,1563999,4.913132022,0.981677098,52.88453572,10.56668889
Census Tract 260100,4035921,551551,641279,691116,6.293549298,0.798058502,67.74323001,8.590233927
Census Tract 260200,4092300,570575,544528,726601,7.515316017,0.785265916,80.89422319,8.452535615
Census Tract 260300,3522618,655147,654438,575669,5.382661154,1.138061977,57.93850741,12.25000244
Census Tract 260400,2922058,541195,585311,579340,4.992316905,0.934157835,53.73687507,10.05519558
Census Tract 260500,3219489,610631,707020,668354,4.553603858,0.913634092,49.01460511,9.834279755
Census Tract 260600,3944769,764083,890970,829278,4.427499242,0.92138342,47.65722573,9.917692865
Census Tract 260700,4020888,685206,825422,711499,4.871311887,0.963045626,52.43438733,10.36614131
Census Tract 260800,4913171,945121,1026831,1021674,4.784790292,0.925071011,51.50307624,9.957385778
Census Tract 260900,2926546,464310,566779,514404,5.163469359,0.902617398,55.57914555,9.715696996
Census Tract 261000,4309282,846877,878193,806611,4.906987416,1.049919974,52.81839571,11.30124941
Census Tract 270500,2579003,465119,559274,514364,4.611340774,0.904260407,49.63608036,9.733382205
Census Tract 271200,3563467,627415,476575,449538,7.477242826,1.395688462,80.4844066,15.02307205
Census Tract 271300,1676777,322522,381454,342724,4.395751519,0.94105461,47.31549594,10.12943188
Census Tract 271400,2919792,540132,612641,609054,4.765910215,0.88683762,51.2998527,9.545844809
Census Tract 271500,2336536,385253,566839,585097,4.122045237,0.658442959,44.36934477,7.087424077
Census Tract 271800,1792649,346248,368672,334214,4.862449549,1.03600687,52.33899388,11.15148994
Census Tract 280100,315335257,1760137,9729993,8703798,32.40858005,0.202226315,348.8432026,2.176746881
Census Tract 280400,11424703,803952,1014444,980937,11.26203418,0.819575569,121.2235792,8.821841804
Census Tract 280800,1114691,186472,173716,192888,6.41674342,0.966737174,69.06928108,10.40587682
Census Tract 280900,9056812,4003479,387478,378103,23.37374509,10.58832911,251.5930066,113.971875
Census Tract 281900,101318697,2235448,17235206,10058263,5.878589267,0.222249905,63.27663549,2.392279102
Census Tract 282700,5991883,812747,844303,906905,7.096839642,0.896176557,76.38977904,9.646368325
Census Tract 282800,4384685,641892,703906,684234,6.229077462,0.938117662,67.04926065,10.09781882
Census Tract 283100,4930358,640907,603063,641190,8.175527267,0.999558633,88.000681,10.75916422
Census Tract 283200,4103528,372128,404835,436502,10.1362975,0.852523012,109.1062453,9.176485286
Census Tract 283800,5157750,390140,394262,354264,13.08203682,1.10126911,140.813933,11.85396715
Census Tract 290900,9198626,1378475,1758397,1533977,5.23125665,0.898628206,56.30880219,9.672757675
Census Tract 291200,2844674,626248,717098,641057,3.966925023,0.97689909,42.69964396,10.51525882
Census Tract 291600,1319986,232564,286545,295665,4.606557434,0.786579406,49.5845929,8.466673904
Census Tract 292200,4435552,1018759,1102986,1069747,4.021403717,0.952336394,43.28604799,10.25086804
Census Tract 292400,3799191,774761,814151,839871,4.666445168,0.92247619,50.22921938,9.929455344
Census Tract 292500,23500983,1896727,2108544,1945895,11.14559763,0.97473245,119.970266,10.49193729
Census Tract 300500,5423650,817556,921692,919592,5.884449469,0.889042097,63.33971421,9.569573608
Census Tract 300600,4669719,829026,903292,895490,5.169667173,0.925779182,55.64585829,9.965008475
Census Tract 300700,6679434,1136038,1266659,1256425,5.273269286,0.9041829,56.76102263,9.732547925
Census Tract 300800,6397389,1055094,1075509,1117078,5.948243111,0.94451238,64.02638355,10.16665102
Census Tract 300900,6373518,1143682,1114510,1176974,5.71867278,0.971713904,61.55530801,10.45944591
Census Tract 301100,2490850,523754,579404,598124,4.298986545,0.875661234,46.27392597,9.425543138
Census Tract 301200,7072492,1215969,1122914,1262171,6.298338074,0.963394817,67.79477599,10.36989997
Census Tract 301600,6172987,1068556,972738,1032538,6.345991418,1.034882978,68.30771254,11.13939246
Census Tract 301701,6732420,1176628,1072277,1101258,6.27862017,1.068439911,67.58253415,11.50059644
Census Tract 301702,4928910,837468,831164,840430,5.930129313,0.996475614,63.83140816,10.72597886
Census Tract 301801,6195484,955752,860729,855074,7.197949645,1.117741856,77.47811852,12.03127839
Census Tract 301802,6324166,920181,954102,917349,6.628396125,1.003087157,71.34749282,10.79714494
Census Tract 301803,7437676,1095627,1034179,1065399,7.191865238,1.028372469,77.41262648,11.0693139
Census Tract 310200,3249930,566737,729273,847721,4.456396987,0.668541891,47.9682786,7.196128118
Census Tract 310300,3196344,522644,838225,873674,3.813229145,0.598213979,41.04527459,6.439124454
Census Tract 310400,2366661,345803,421232,411324,5.618426425,0.840707082,60.47626476,9.049299619
Census Tract 310500,3600893,490243,515437,518147,6.986097234,0.946146557,75.19775717,10.18424116
Census Tract 310600,10729911,1562698,2030389,2028013,5.284657768,0.770556205,56.88360728,8.294201528
Census Tract 310700,3013977,501521,580822,583836,5.18915778,0.859010064,55.85565353,9.246311362
Census Tract 310800,9876952,1389790,2156337,1776585,4.58043061,0.782281737,49.30336598,8.420414165
Census Tract 310900,9221252,1519169,1531080,1586216,6.022710766,0.957731482,64.82794707,10.30894031
Census Tract 320100,474316721,16266515,35948926,31793201,13.19418335,0.511635019,142.0210688,5.507195883
Census Tract 320400,170754061,6386207,12944319,11662381,13.19142869,0.547590325,141.9914178,5.894215739
Census Tract 320600,40868441,2495299,8525700,5951421,4.793558417,0.41927785,51.5974556,4.513071158
Census Tract 330100,325814640,6803745,21879578,20444102,14.8912671,0.332797449,160.2883341,3.582203474
Census Tract 330200,10505912,979454,2167592,2192523,4.8468125,0.446724618,52.17067802,4.808505841
Census Tract 340300,3632598,492403,649962,655012,5.588939046,0.751746533,60.15886511,8.09173582
Census Tract 340400,4288449,629408,723326,713750,5.928791444,0.881832574,63.81700746,9.491970921
Census Tract 340500,3952160,717096,791206,790557,4.995108733,0.907076909,53.76692607,9.763698794
Census Tract 340600,20206591,247435,868092,927003,23.27701557,0.266919309,250.5518182,2.873096765
Census Tract 350400,1650743,339288,156500,256030,10.54787859,1.325188454,113.5364692,14.26421595
Census Tract 351000,10833487,2617558,2479506,2699131,4.369211851,0.969778051,47.02982521,10.43860856
Census Tract 351100,1104284,421669,302033,535544,3.656170021,0.787365744,39.35470352,8.475137983
Census Tract 351400,3379257,362492,401005,379337,8.426969739,0.955593575,90.7071864,10.28592807
Census Tract 351500,155251,19679,30181,34261,5.143997879,0.574384869,55.3695562,6.182629938
Census Tract 360200,1274795,184569,220155,216331,5.790443097,0.853178694,62.3278376,9.183542983
Census Tract 380100,4901315,760038,877901,860867,5.582992843,0.882875055,60.0948607,9.503192093
Census Tract 380200,6788309,458628,689088,644011,9.851149635,0.712143116,106.0369378,7.665448
Census Tract 380700,3367893,478576,651221,551364,5.171659083,0.867985578,55.66729905,9.342923023
Census Tract 381200,2574819,538060,678308,712751,3.795943731,0.754905991,40.85921585,8.125743959
Census Tract 381400,3573131,572710,654690,627643,5.457744887,0.912477316,58.74670233,9.821828315
Census Tract 381500,1659769,98565,156748,169604,10.58877306,0.58114785,113.9766537,6.255426093
Census Tract 381700,182440,115116,47970,179966,3.80321034,0.639654157,40.93743302,6.885183007
Census Tract 381800,1898322,375347,548946,524019,3.458121564,0.716285097,37.22292675,7.710031932
Census Tract 381900,2064020,359294,513004,1760433,4.023399428,0.204094106,43.30752966,2.196851624
Census Tract 390100,5737322,489985,708428,733627,8.098666343,0.667893902,87.17335654,7.18915323
Census Tract 390200,5398370,900321,920548,939368,5.864300395,0.958432691,63.12283129,10.31648807
Census Tract 390300,6152267,1074211,1225612,1157984,5.019750949,0.927656168,54.03217279,9.985212189
Census Tract 390400,6047249,1375629,1303882,1215453,4.637880575,1.131782965,49.92175253,12.18241569
Census Tract 390500,4717887,1189558,1378143,1311821,3.423365355,0.906799022,36.84881387,9.760707643
Census Tract 390600,3719711,925555,866031,906058,4.295124539,1.02151849,46.23235568,10.99553825
Census Tract 390700,18706536,2990625,5692601,4534879,3.286114028,0.65947184,35.37145224,7.098498868
Census Tract 400300,2659642,629005,548158,608456,4.85196239,1.033772368,52.226111,11.12743795
Census Tract 400400,3248764,463700,675012,613078,4.812898141,0.756347479,51.80562674,8.141260018
Census Tract 400500,2778285,769116,908631,874702,3.05766037,0.879289175,32.91239648,9.464593986
Census Tract 400800,3730070,764885,540012,466217,6.90738354,1.64062014,74.35048965,17.65949582
Census Tract 410100,7125066,1117974,1123824,1421209,6.340019434,0.786635885,68.24343061,8.467281846
Census Tract 410200,2185524,577795,558901,565921,3.91039558,1.020981727,42.09116584,10.98976058
Census Tract 410500,5759656,985176,1273475,1249148,4.522786863,0.788678363,48.68289358,8.489266904
Census Tract 410600,4947532,1050508,1227666,1137703,4.030030969,0.923358732,43.37891101,9.938954958
Census Tract 410700,5646450,1062545,1077363,903725,5.240991198,1.175739301,56.41358404,12.65555796
Census Tract 410800,9266758,1006377,1194390,1387917,7.758569646,0.725098835,83.51258459,7.804902265
Census Tract 410900,9018902,1269268,1619614,1368564,5.568550284,0.927445118,59.93940222,9.982940461
Census Tract 411000,8395500,2209005,3438125,4231787,2.441883294,0.52200288,26.28422434,5.618794653
Census Tract 411100,6142700,1674829,2048247,1538649,2.999003538,1.088506216,32.28101932,11.71658844
Census Tract 411200,4741982,1013109,1111028,1119558,4.268103054,0.904918727,45.9414987,9.740468304
Census Tract 420100,2229768,197051,191390,211527,11.65038926,0.931564292,125.4038003,10.0272789
Census Tract 420200,5838941,674008,716239,824929,8.152224327,0.81704971,87.74985014,8.794653668
Census Tract 420300,2223192,391609,578434,564603,3.843467016,0.693600636,41.37075246,7.465858327
Census Tract 420400,111504869,680347,783242,1335680,142.3632402,0.50936377,1532.385824,5.482748348
Census Tract 420500,4271710,1066302,1081773,1001179,3.948804416,1.06504631,42.50459529,11.46406801
Census Tract 420600,2744129,701107,862767,849802,3.180614233,0.825023947,34.23586142,8.880487678
Census Tract 420700,5195517,1145836,1324691,1226696,3.92205956,0.934083098,42.21671592,10.05439112
Census Tract 420800,5304379,850339,1070484,979619,4.955122169,0.868030326,53.3365141,9.343404692
Census Tract 421200,2724264,525716,511519,496385,5.325831494,1.059089215,57.32679778,11.39994634
Census Tract 430101,7276321,1687727,1882438,1838144,3.865370865,0.918169088,41.60652363,9.883094065
Census Tract 430102,4297588,1404329,1500468,1542575,2.864165047,0.910379722,30.82962926,9.799249994
Census Tract 430200,13320955,2097973,2407847,2200094,5.53230957,0.953583347,59.54931024,10.26429014
Census Tract 430300,3642086,942869,999921,913255,3.642373748,1.032426869,39.2062016,11.11295511
Census Tract 430400,6012143,1208170,1156172,1154209,5.200042035,1.046751498,55.97281073,11.26714421
Census Tract 430500,6181769,1381342,1589859,1493370,3.888249839,0.924983092,41.85279096,9.956439425
Census Tract 430600,4228763,1274663,1039817,1946785,4.066833876,0.654752836,43.77505436,7.047703907
Census Tract 430700,1985309,916352,636799,930909,3.117638376,0.984362596,33.55799464,10.59559536
Census Tract 430800,4016724,920521,1034923,970323,3.881181499,0.948674823,41.77670795,10.2114552
Census Tract 430900,3446337,745676,815424,788537,4.226435572,0.945644909,45.49299347,10.17884147
Census Tract 431200,8790105,1592061,1483814,1452788,5.923993843,1.095866018,63.76536649,11.79580872
Census Tract 431301,5674580,1634374,1534324,1416518,3.69842354,1.153796846,39.80951681,12.41937123
Census Tract 431302,6409719,1808217,1708764,1702779,3.751084995,1.06192113,40.37636023,11.43042884
Census Tract 431400,6888025,2074358,1808112,2179996,3.809512353,0.951542113,41.00526736,10.24231847
Census Tract 440101,5453507,1511430,1773877,1640204,3.074343373,0.921489034,33.09197091,9.918829686
Census Tract 440102,7635251,1515526,1735898,1661855,4.398444494,0.911948395,47.34448289,9.816135055
Census Tract 440201,10963869,2864459,2884743,2757570,3.80063978,1.038762026,40.90976373,11.18114621
Census Tract 440202,12677128,1853744,1430551,1170268,8.861709929,1.584033743,95.38669288,17.05040464
Census Tract 440300,15809280,2613463,2405063,2372412,6.573333006,1.101605876,70.75479808,11.85759207
Census Tract 440600,6359695,935705,922036,957185,6.897447605,0.977559197,74.24354009,10.52236415
Census Tract 440700,5557546,791704,636066,627522,8.737373166,1.261635449,94.04834253,13.58013679
Census Tract 440800,3439495,689780,731737,714658,4.700452485,0.965188944,50.59527125,10.3892118
Census Tract 440900,6702112,1238784,1131291,1071015,5.92430418,1.156644865,63.76870693,12.45002707
Census Tract 450300,11278992,2022068,1824487,1899474,6.182007326,1.064541026,66.5426017,11.45862917
Census Tract 460100,5912161,1132172,1143263,1124028,5.171304416,1.007245371,55.66348143,10.84190361
Census Tract 460200,3574334,618799,757726,684313,4.717185368,0.904263108,50.77538258,9.733411275
Census Tract 460301,5986779,1149012,1049204,1008419,5.706019992,1.13941923,61.41911448,12.26461179
Census Tract 460302,6686502,1471418,1248809,1276934,5.35430318,1.152305444,57.63326459,12.40331791
Census Tract 460400,8443283,1739162,1657687,1648325,5.093412086,1.055108671,54.82505501,11.3571001
Census Tract 460500,14684130,3003328,2745107,2771576,5.349201324,1.083617408,57.57834865,11.66396572
Census Tract 460600,1692157,382194,394303,383443,4.291514394,0.996742671,46.19349638,10.72885344
Census Tract 460700,4351739,891769,882417,778877,4.931612832,1.144942013,53.08346158,12.32405856
Census Tract 461000,4832740,462037,554780,581519,8.711092685,0.794534658,93.76546167,8.552303568
Census Tract 470100,11448151,1610642,1528580,1193064,7.489402583,1.350004694,80.61529319,14.53133584
Census Tract 480100,7912873,1084696,1055036,1058231,7.500097627,1.025008717,80.73041373,11.03310676
Census Tract 480200,4758706,757866,730344,741564,6.515704928,1.021983268,70.13449434,11.00054108
Census Tract 480300,4556898,739151,700104,689515,6.508887251,1.071986831,70.06110945,11.53877519
Census Tract 480400,19712964,3085374,2849695,2872728,6.917569775,1.074022323,74.46013342,11.56068505
Census Tract 480500,7830687,1405503,1177698,1284531,6.649146895,1.094176007,71.57085234,11.77761759
Census Tract 490300,6767380,998831,1025773,997682,6.597346586,1.00115167,71.01327822,10.77631152
Census Tract 490400,2839555,481734,408197,398822,6.956334809,1.207892243,74.87739695,13.00164949
Census Tract 490500,5311036,924193,768748,788953,6.908682689,1.171417055,74.36447358,12.60903367
Census Tract 490600,4338100,704150,588454,585719,7.37202908,1.202197641,79.35189477,12.94035328
Census Tract 490700,8616509,1214568,979824,954739,8.793935441,1.272146629,94.65717406,13.69327824
Census Tract 490800,10727210,1597303,1414944,1418728,7.581367178,1.125869793,81.60519227,12.11876681
Census Tract 490901,10242014,1524823,1586774,1478632,6.454614205,1.03123901,69.47691899,11.1001691
Census Tract 490902,12765900,1975134,1827746,1795771,6.984504411,1.099880775,75.18061216,11.83902323
Census Tract 491000,9739747,1644001,1256253,1237644,7.753013923,1.328331087,83.45278326,14.29804298
Census Tract 491100,14954420,2115032,1836708,1855369,8.141969219,1.139952214,87.63946502,12.2703488
Census Tract 491200,8558764,1309958,1095413,1121975,7.813275906,1.167546514,84.10143812,12.56737149
Census Tract 491300,7038087,1143283,885936,821559,7.944238636,1.39160182,85.51110982,14.97908378
Census Tract 491400,7587747,1148673,1339034,1213494,5.666582775,0.946583172,60.99461562,10.18894085
Census Tract 500100,28587295,2875493,3304611,3407390,8.650729239,0.843898996,93.11571466,9.083657105
Census Tract 500200,14286785,1877929,999303,1312379,14.29674983,1.430934966,153.8890007,15.40246242
Census Tract 500300,6432132,741624,1134716,1141953,5.668495024,0.649434784,61.01519891,6.990460847
Census Tract 510100,9717226,1142645,1118474,1130472,8.68793195,1.010768069,93.51616148,10.87982163
Census Tract 510200,8217604,1240030,1163093,1198589,7.065302603,1.034574821,76.05031703,11.13607549
Census Tract 510300,31757845,2068049,2191196,2204022,14.49338398,0.938306877,156.0055539,10.09985552
Census Tract 520100,3763577,626980,593371,693161,6.342704649,0.904522903,68.27233403,9.73620769
Census Tract 520200,5865762,1114835,1125806,1114122,5.210277792,1.000639966,56.08298755,10.77080359
Census Tract 520300,10764162,1785425,1570437,1687065,6.854246302,1.058302436,73.77852494,11.39147752
Census Tract 520400,8140488,1541644,1237357,1364563,6.578932353,1.129771216,70.81506898,12.1607614
Census Tract 520500,9641992,1478798,1407461,1520219,6.850628188,0.972753268,73.73957986,10.47063354
Census Tract 520600,4870195,771572,701359,739025,6.943940265,1.044040459,74.74398313,11.23796281
Census Tract 530100,4656135,774605,789252,770750,5.899427559,1.005001622,63.5009371,10.81775208
Census Tract 530200,9376806,1660112,1490548,1396687,6.290844709,1.188607039,67.71411805,12.7940652
Census Tract 530300,11319883,1876648,1490046,1465677,7.597002374,1.280396704,81.7734882,13.78208135
Census Tract 530400,5292442,758292,678166,717561,7.804050926,1.056763118,84.00214122,11.37490844
Census Tract 530501,11097993,1891753,1826364,1755721,6.076550458,1.077479281,65.40747293,11.59789545
Census Tract 530502,5346321,653742,568587,556080,9.402819621,1.175625809,101.2111516,12.65433634
Census Tract 530503,14061022,2129420,1843582,1853382,7.62701198,1.148937456,82.09650905,12.36706518
Census Tract 530600,7078465,1057924,1022596,974340,6.922054262,1.08578525,74.50840405,11.68730019
Census Tract 540101,12571193,3214740,786298,1196700,15.98782268,2.686337428,172.0915652,28.91550787
Census Tract 540102,16354381,793696,612182,574763,26.71490014,1.380910045,287.5569158,14.86399841
Census Tract 550100,15964181,2285961,2413216,2480318,6.615313756,0.92164029,71.2066753,9.920457786
Census Tract 550200,10007864,1188114,1202910,1166531,8.319711367,1.018501866,89.5526664,10.96306756
Census Tract 560100,3914491,417501,483504,498196,8.09608814,0.838025596,87.14560498,9.02043633
Census Tract 560200,4445042,600405,506165,505605,8.781804352,1.187498146,94.52659604,12.78212916
Census Tract 560300,8436409,1019133,936737,966513,9.006166085,1.054443137,96.94160668,11.34993636
Census Tract 560400,4041996,465491,488775,485908,8.269645542,0.957981758,89.01376212,10.31163426
Census Tract 560700,8660325,1176996,1228778,1241401,7.047916711,0.948119101,75.86317676,10.20547346
Census Tract 560800,16891386,1975829,2081534,2111861,8.114873934,0.93558667,87.34781368,10.07057544
Census Tract 560900,21730301,2060256,2095131,2141200,10.37181016,0.962196899,111.6412835,10.35700568
Census Tract 561000,22429750,2313388,2288615,2347681,9.800578079,0.98539282,105.4925899,10.6066846
Census Tract 561100,14917880,2028821,2022738,2066682,7.375092573,0.981680297,79.38486995,10.56672333
Census Tract 570100,6320560,783393,548176,1089963,11.53016549,0.718733572,124.1097219,7.73638711
Census Tract 570200,61442697,1949292,2373642,3067443,25.88541027,0.635477823,278.6283572,6.840229304
Census Tract 570300,15648943,2344530,1937523,2220812,8.076777927,1.055708453,86.9377515,11.3635561
Census Tract 570400,4152518,521034,480910,537520,8.634709197,0.969329513,92.94327629,10.43378054
Census Tract 570500,5695890,777557,810657,900516,7.026263882,0.863457173,75.63010756,9.294179665
Census Tract 580100,5432133,880833,924292,946745,5.877074561,0.930380409,63.26033132,10.01453568
Census Tract 580200,11228947,1377769,1196443,1357474,9.385275354,1.014950563,101.0223066,10.92484164
Census Tract 580300,7429471,1135070,716955,848147,10.36253461,1.338293951,111.5414422,14.40528241
Census Tract 580400,9202009,1382639,1438106,1288718,6.398700096,1.072879404,68.87506427,11.54838277
Census Tract 580501,7744492,1297535,1318932,1317289,5.871790206,0.98500405,63.20345098,10.60249992
Census Tract 580502,9018501,1383156,1405195,1424031,6.417971171,0.971296271,69.08249649,10.45495055
Census Tract 580600,7922041,1442587,1287576,1352755,6.152678366,1.066406703,66.22690727,11.47871116
Census Tract 580700,8450392,1446422,1286109,1304436,6.570509965,1.108848575,70.7244111,11.93555187
Census Tract 580800,3748788,484717,453900,429080,8.259061467,1.129665797,88.89983604,12.15962667
Census Tract 590500,5800665,578711,717864,730223,8.080451172,0.792512698,86.97728999,8.53053936
Census Tract 590600,5459761,982997,1029483,1047283,5.303400833,0.938616401,57.08535605,10.1031872
Census Tract 590700,17033161,2256591,1763163,1788097,9.660570804,1.262007039,103.9855635,13.58413656
Census Tract 600400,7242017,1275509,1391040,1411400,5.206188895,0.903719002,56.038975,9.727554572
Census Tract 600600,5766452,951561,1066026,1114376,5.409297709,0.853895813,58.22522103,9.191261989
Census Tract 600700,4928299,824811,915825,957239,5.381267163,0.861656284,57.92350262,9.274795048
Census Tract 600900,6847260,1194094,1358263,1434320,5.041188636,0.832515757,54.26292623,8.961128883
Census Tract 610300,15136552,3047833,2456590,2602421,6.161611014,1.171152938,66.32305753,12.60619074
Census Tract 610400,3524719,479034,552780,556569,6.376350447,0.860691127,68.63449455,9.264406179
Census Tract 610800,3688933,550491,579621,574085,6.364388109,0.958901556,68.50573296,10.3215349
Census Tract 611000,4613820,606445,837927,449969,5.50623145,1.3477484,59.26860758,14.50704929
Census Tract 611100,3033968,534016,606109,599181,5.005647499,0.891243214,53.88036446,9.593266242
Census Tract 611200,3571411,670614,675307,679029,5.288573937,0.987607304,56.9257606,10.63052112
Census Tract 611300,5960206,1088171,1025259,996633,5.813366184,1.09184725,62.57457976,11.75255104
Census Tract 611400,5184996,810808,819878,838727,6.324106757,0.966712649,68.07214791,10.40561283
Census Tract 611500,3767693,905263,673336,696212,5.595561503,1.300269171,60.23014868,13.9959869
Census Tract 611600,2526589,411243,388862,388649,6.497392391,1.058134718,69.93737975,11.38967222
Census Tract 611700,2317790,410766,459104,462272,5.048507528,0.888580749,54.34170616,9.564607698
Census Tract 611800,3188338,575065,650535,653554,4.901101401,0.879904338,52.75503914,9.471215552
Census Tract 611900,3161118,565287,592139,525822,5.338472892,1.075053916,57.46286872,11.57178902
Census Tract 612000,2383957,486424,498804,473904,4.779346196,1.026418853,51.44447646,11.04828534
Census Tract 612100,1887613,338032,366203,327025,5.154553622,1.033657977,55.48317731,11.12620666
Census Tract 620100,12747850,1303971,1109687,1290482,11.4877889,1.010452684,123.6535838,10.87642685
Census Tract 620200,14378192,922078,1057722,1103152,13.59354537,0.835857615,146.3197676,8.997100366
Census Tract 620300,14049499,1872685,1743735,1811084,8.057129667,1.034013331,86.72625929,11.13003166
Census Tract 620400,12985463,1349985,1111559,1214132,11.6822076,1.111893106,125.7462902,11.96832293
Census Tract 630100,6105828,4858047,684686,773310,8.917705342,6.282146875,95.98942276,67.6204953
Census Tract 630200,3306897,505733,571611,560718,5.785222818,0.901938229,62.27164696,9.708386481
Census Tract 630300,13298607,1398043,1418394,1128229,9.375820118,1.239148258,100.9205313,13.33808659
Census Tract 630400,10304520,1718731,1514016,1541995,6.806083952,1.114615158,73.26010949,11.99762287
Census Tract 630500,8689725,1487719,1325984,1388994,6.55341618,1.071076621,70.54041506,11.52897776
Census Tract 630800,10407976,1803288,1438169,1450559,7.236963111,1.243167634,77.89805615,13.38135081
Census Tract 630900,7617426,1366993,1055569,1089348,7.216416928,1.254872639,77.67689878,13.50734249
Census Tract 640100,4568441,435213,543049,513527,8.412576029,0.847497795,90.55225374,9.122394268
Census Tract 640300,17666959,2242041,2374549,2423672,7.440132421,0.925059579,80.08495335,9.957262726
Census Tract 640400,27171643,2403500,2886880,2910235,9.41211377,0.825878323,101.3111931,8.889684106
Census Tract 640500,12142269,1027771,1516058,1145388,8.009105852,0.897312526,86.20933503,9.658595809
Census Tract 640600,10823500,1265208,1623511,1389148,6.666724155,0.910779845,71.76005248,9.803556881
Census Tract 640700,8406792,994803,1011986,1095102,8.307221641,0.908411271,89.41822806,9.778061756
Census Tract 640800,3940003,540386,490501,493049,8.032609516,1.096008713,86.46232646,11.79734468
Census Tract 650100,8569678,1409405,1233672,1246958,6.946480102,1.130274636,74.77132172,12.16618017
Census Tract 650200,15763685,2275953,2107853,2182116,7.478550449,1.043002755,80.49848174,11.22679305
Census Tract 650301,13251653,1857554,1683293,1735103,7.872457736,1.070572756,84.73846632,11.5235542
Census Tract 650302,8437891,1327463,1135393,1189029,7.431691934,1.116426092,79.99410066,12.01711562
Census Tract 650400,13199991,1879957,1677344,1691314,7.86957893,1.111536356,84.70747909,11.96448291
Census Tract 650500,86227793,4118985,4704702,2787045,18.32800313,1.477904017,197.2810688,15.90803329
Census Tract 660301,2770961,578360,466620,457642,5.938367408,1.263782607,63.92008232,13.60324863
Census Tract 660302,8328926,1476823,1266089,1269109,6.578468022,1.163669157,70.81007096,12.52563595
Census Tract 660400,9785716,1680475,1370590,1424220,7.139783597,1.179926556,76.85202412,12.70062922
Census Tract 660500,9315923,1436448,1285278,1280942,7.248177437,1.12139972,78.01876621,12.07065132
Census Tract 660600,10574897,1989513,1676481,1708889,6.307794124,1.164214294,67.89656011,12.53150376
Census Tract 660700,5701307,767359,646002,692776,8.825525308,1.107658175,94.9972047,11.9227385
Census Tract 660800,9376643,1760296,1679786,1675487,5.582046165,1.050617522,60.08467074,11.30875776
Census Tract 660900,8510399,1465874,1439499,1392252,5.912056208,1.052879795,63.63687081,11.33310867
Census Tract 661000,13562737,2026301,1744295,1715019,7.775483505,1.181503529,83.69464393,12.71760361
Census Tract 661100,12537804,1876037,1675394,1677186,7.483495822,1.118562282,80.55171332,12.04010939
Census Tract 670100,2133742,421307,449309,406236,4.748941152,1.037099125,51.11719914,11.16324688
Census Tract 670200,1854262,362863,361472,351164,5.129752789,1.033314918,55.21622325,11.122514
Census Tract 670300,4961746,561894,544291,513227,9.115980239,1.094825487,98.1236369,11.78460853
Census Tract 670400,3688251,653822,682391,580817,5.404893968,1.125693635,58.17781954,12.11687066
Census Tract 670500,2027673,381111,302387,305041,6.705556125,1.249376313,72.1780365,13.4481805
Census Tract 670600,2767134,490198,343792,347754,8.048860939,1.409611392,86.63725541,15.17293728
Census Tract 670700,3084882,533307,445660,431224,6.922052686,1.236728475,74.50838709,13.31204025
Census Tract 670800,3752823,666942,582397,562123,6.443754003,1.186469865,69.3600207,12.77106084
Census Tract 670900,2144594,405858,372973,342766,5.749997989,1.184067265,61.8924899,12.74519945
Census Tract 671100,1983182,415300,366359,359006,5.413220366,1.156805179,58.26744417,12.45175267
Census Tract 671200,3294545,402520,465617,363475,7.075654454,1.107421418,76.16174348,11.92019007
Census Tract 671300,4280449,749182,617033,576553,6.937147608,1.299415665,74.67086755,13.98679984
Census Tract 671400,4721888,598950,501057,426550,9.423853973,1.404173016,101.4375636,15.11439906
Census Tract 671500,7060211,984493,827573,771559,8.531224436,1.275978895,91.82937511,13.73452843
Census Tract 671600,4409519,825917,652601,656203,6.756837639,1.258630332,72.73002636,13.54778998
Census Tract 671800,2989703,538555,398795,371759,7.496841736,1.448667013,80.6953676,15.59332866
Census Tract 671900,3254570,510757,495780,408302,6.564544758,1.250929459,70.66020212,13.46489843
Census Tract 672000,8148741,1322825,1121688,1185431,7.264712647,1.115902149,78.19674981,12.01147593
Census Tract 680500,2298718,495081,501466,463234,4.583995725,1.068749271,49.34174057,11.50392637
Census Tract 680600,2114456,405695,403655,376183,5.23827526,1.078451179,56.38434991,11.60835688
Census Tract 680900,15340591,1428877,1692249,1070021,9.06520908,1.335372857,97.57714046,14.37384
Census Tract 681000,6206920,1140785,1353292,1238000,4.58653417,0.921474152,49.36906419,9.918669492
Census Tract 681100,6229767,1206412,1201934,1129967,5.18311904,1.067652418,55.79065304,11.49211993
Census Tract 681200,4816942,1028177,1011892,1007996,4.76033213,1.020020913,51.23981067,10.97941846
Census Tract 681300,3853886,991942,1092563,1044498,3.52738103,0.949683006,37.96842976,10.2223072
Census Tract 681400,5728919,1081554,865298,826837,6.620746841,1.308061928,71.26515657,14.07986747
Census Tract 690300,2260653,584051,602444,593512,3.752469939,0.984059295,40.39126766,10.59233065
Census Tract 690400,6135762,1390808,1499117,1331420,4.092917364,1.044605008,44.05581482,11.24403957
Census Tract 690500,1692394,309818,319397,328512,5.298716018,0.943094925,57.0349291,10.15139366
Census Tract 690900,8172461,1727779,1905352,1732796,4.289213227,0.997104679,46.16872681,10.73275007
Census Tract 691000,8654827,1305688,1375818,1340195,6.290677255,0.974252254,67.71231559,10.4867685
Census Tract 691100,6338944,1346896,1286686,1225866,4.926566388,1.098730204,53.0291421,11.82663858
Census Tract 691200,5076299,1065235,1121716,1015814,4.525476145,1.048651623,48.7118408,11.28759699
Census Tract 691300,8496985,1258520,1061513,965394,8.004598154,1.303633542,86.16081455,14.03220071
Census Tract 691400,8957158,1610731,1475961,1328778,6.068695582,1.212189696,65.32292372,13.04790691
Census Tract 691500,4587433,693354,738442,639378,6.212313222,1.084419545,66.86881179,11.67259986
Census Tract 700100,13313899,1414023,1671985,1529637,7.962929691,0.924417362,85.71229876,9.950349954
Census Tract 700200,15375728,2113460,2094721,2112903,7.340227171,1.000263618,79.00958173,10.76675262
Census Tract 700301,18454215,1800027,1913013,2074936,9.646675166,0.867509648,103.835992,9.337800162
Census Tract 700302,14641400,2034374,2093245,2134836,6.994594517,0.952941584,75.2892212,10.25738226
Census Tract 700401,18538346,2228548,2076585,2082153,8.927323466,1.070309435,96.09295142,11.52071983
Census Tract 700402,17379956,1522118,1661142,1705433,10.46265521,0.892511169,112.6191319,9.606914402
Census Tract 700501,22171723,2945639,2814125,2696726,7.878727135,1.092301925,84.8059496,11.75744513
Census Tract 700502,10253943,1198198,1269519,1187494,8.077029962,1.00901394,86.94046437,10.86094034
Census Tract 710100,2109002,435936,477012,461450,4.421276614,0.944709069,47.59024589,10.16876817
Census Tract 710200,10340349,1851349,1865998,1508773,5.541457708,1.227056025,59.64778003,13.20792682
Census Tract 710300,2581034,657083,530082,524823,4.869122136,1.252008772,52.41081704,13.47651607
Census Tract 710400,13832111,2463133,2118978,2029013,6.527727518,1.213956244,70.26390448,13.06692188
Census Tract 710500,10953979,2165055,2010652,1844482,5.447973593,1.1738011,58.64152495,12.63469532
Census Tract 710600,3832732,945357,686099,686925,5.586266705,1.376215744,60.13010027,14.81346936
Census Tract 710700,7115250,1714786,1306348,1263954,5.446672709,1.356683867,58.62752235,14.60322989
Census Tract 710800,13352001,2750555,2529963,2513493,5.277547933,1.094315759,56.80707762,11.77912187
Census Tract 710900,4580146,705685,649383,603741,7.053073456,1.168853863,75.91868353,12.58144369
Census Tract 711000,7543012,1455723,1162347,1155685,6.489466571,1.259619187,69.85206689,13.55843392
Census Tract 711100,7407465,1237400,1078449,1032724,6.868628002,1.198190417,73.93332833,12.89721986
Census Tract 711200,14637987,2474482,2151644,2138070,6.803163999,1.157343773,73.22867937,12.45755005
Census Tract 711300,4466591,683432,621959,578375,7.181487847,1.181641668,77.30092513,12.71909054
Census Tract 711400,6847443,1376001,929840,936176,7.364108879,1.469810164,79.2666424,15.82091175
Census Tract 711500,6239161,987208,767323,775087,8.13107518,1.273673794,87.52220251,13.70971652
Census Tract 720100,14411014,2016235,2362168,2225059,6.10075744,0.906149005,65.66803483,9.753710919
Census Tract 720200,15948108,2259161,2313094,2394148,6.894708127,0.943617938,74.21405258,10.15702333
Census Tract 720300,16723253,2357696,2540081,2620315,6.58374792,0.89977579,70.86690333,9.685110172
Census Tract 720400,8023558,891373,959493,970721,8.362289251,0.918258696,90.01097113,9.884058603
Census Tract 720500,8742244,1018927,1133515,1150483,7.712508436,0.885651505,83.01678564,9.533077561
Census Tract 720600,8409394,1103696,1195807,1208402,7.032400713,0.913351683,75.69616389,9.831239924
Census Tract 720700,9553486,1571446,1607118,1551456,5.94448323,1.012884671,63.98591251,10.90260455
Census Tract 730100,7129415,1108329,912028,903834,7.81710101,1.22625283,84.14261122,13.19928129
Census Tract 730201,13050153,2841693,2564481,2474658,5.088808613,1.148317464,54.77550362,12.36039164
Census Tract 730202,8052337,1325706,1065735,1065450,7.555665339,1.244268619,81.32853986,13.39320171
Census Tract 730300,3257305,523504,388861,392983,8.37652786,1.332128871,90.1642343,14.338922
Census Tract 730400,10994267,1782517,1432725,1474994,7.673675688,1.208491018,82.59879324,13.00809465
Census Tract 730500,12626698,1985690,1639966,1600069,7.699365719,1.241002732,82.87531854,13.35804798
Census Tract 730600,10067483,1608875,1372563,1346443,7.334805761,1.19490762,78.95122613,12.86188411
Census Tract 730700,6077436,960334,727991,745426,8.34822958,1.288302259,89.85963402,13.86717608
Census Tract 740100,15038910,1378073,1401262,1414099,10.73240408,0.974523707,115.5226858,10.4896904
Census Tract 740200,20116679,2869471,2443489,2967906,8.23276839,0.966833518,88.61681958,10.40691386
Census Tract 740300,16793632,1924257,1939341,1954536,8.659452876,0.984508344,93.20961515,10.59716418
Census Tract 740400,20070963,2089983,2362915,1978422,8.49415362,1.05638888,91.43034799,11.37088016
Census Tract 750100,10896139,1675427,1382821,1366306,7.879645305,1.226245804,84.81583269,13.19920567
Census Tract 750200,12805607,2028149,2037227,1973242,6.285802711,1.027825781,67.65984641,11.0634294
Census Tract 750300,9447039,1123469,1228228,1215466,7.691600419,0.924311334,82.79173352,9.949208681
Census Tract 750400,11515909,1411054,1527565,1503218,7.538735831,0.938688866,81.14631208,10.10396721
Census Tract 750500,17951536,2472735,2704393,2291323,6.6379169,1.079173473,71.44997363,11.61613159
Census Tract 750600,10508550,1611578,1346454,1360648,7.804611223,1.184419482,84.00817221,12.74899069
Census Tract 760801,46380715,1026122,7767633,5084712,5.971022962,0.201805333,64.27158393,2.172215465
Census Tract 760802,9878853,896366,1508431,1162732,6.549091738,0.770913676,70.49386713,8.298049317
Census Tract 760803,8932489,1683104,2322094,2164295,3.846738763,0.777668479,41.40596926,8.370757442
Census Tract 770700,346683,,34471,,10.05723652,#DIV/0!,108.2552395,#DIV/0!
Census Tract 770902,72950,67568,41144,41144,1.773041027,1.64223216,19.08486299,17.67684747
Census Tract 810400,5389753,48794,219992,57465,24.49976817,0.849108153,263.7134234,9.139728026
Census Tract 830500,30400603,2139372,2019715,1737585,15.05192713,1.231233004,162.017665,13.25288747
Census Tract 830600,10051238,1605595,1945718,1871003,5.165824647,0.858146673,55.60449767,9.237017892
Census Tract 830700,11030014,1034474,1750981,1590140,6.299333916,0.650555297,67.80549515,7.002521953
Census Tract 830800,7598639,1236014,1119615,1091823,6.786832081,1.132064446,73.05288398,12.18544553
Census Tract 830900,26618174,1472446,2358132,2083283,11.28782189,0.706791156,121.5011559,7.607839963
Census Tract 831000,9668690,940897,1241567,1273180,7.787489519,0.739013337,83.82387565,7.954676778
Census Tract 831100,27590199,2679651,3345996,3578902,8.245735799,0.748735506,88.75639967,8.059325383
Census Tract 831200,9042399,1585788,1574194,1586126,5.744145258,0.999786902,61.8294916,10.76162128
Census Tract 831300,4312739,568454,537007,792351,8.031066634,0.717426999,86.44571902,7.722323272
Census Tract 831400,53124642,4410120,3031898,2855352,17.52190938,1.544510099,188.6043441,16.6249755
Census Tract 831500,20705815,1231563,1637756,2068862,12.642796,0.595285234,136.0859821,6.407599691
Census Tract 831600,17839000,2290106,2284469,2312609,7.808816841,0.990269432,84.05344113,10.65917604
Census Tract 831700,11980461,858678,1068181,1061354,11.21575931,0.809040151,120.7254805,8.708439454
Census Tract 831800,25210579,2909973,3085187,2563135,8.171491388,1.135317882,87.95723914,12.22046524
Census Tract 831900,9057881,1140459,1244672,1264577,7.277323664,0.901850184,78.33249372,9.707438768
Census Tract 832000,15746833,835073,1088703,1039779,14.46384643,0.803125472,155.6876143,8.644774354
Census Tract 832100,8531218,926535,1158496,1166493,7.364046143,0.794291093,79.26596711,8.549681851
Census Tract 832200,10034559,1274986,1526017,1550708,6.575653482,0.822196055,70.77977549,8.850048491
Census Tract 832300,11543955,1633683,1453594,1653187,7.941663903,0.988202182,85.48339562,10.63692434
Census Tract 832400,8643633,1039289,1334520,1373800,6.476960255,0.75650677,69.71744998,8.142974603
Census Tract 832500,26412903,1633519,2574854,2471862,10.25801968,0.660845549,110.4164524,7.113285349
Census Tract 832600,44139486,2122522,3057239,3185035,14.43769558,0.666404608,155.4061288,7.173122588
Census Tract 832900,6536817,789153,1078498,1115270,6.061037665,0.707589194,65.24049455,7.616429972
Census Tract 833000,42813564,2495121,3667310,4912668,11.67437822,0.507895303,125.6620155,5.466941891
Census Tract 833100,58771884,3038022,4290617,4567113,13.69776981,0.665195278,147.4416306,7.160105461
Census Tract 833300,7243981,889885,1094383,1070800,6.619237506,0.831046881,71.24891022,8.945318029
Census Tract 833900,5436363,803167,944191,910340,5.757694153,0.882271459,61.97533075,9.496695037
Census Tract 834000,7365269,1042604,861760,904121,8.546775204,1.153168658,91.99676226,12.41260947
Census Tract 834200,9777370,3049912,2262880,2357597,4.320763805,1.293652817,46.50833456,13.92476903
Census Tract 834300,19238613,3307660,2746865,2756419,7.003843654,1.199984473,75.38877813,12.91653093
Census Tract 834400,7988007,1433503,1752758,1799121,4.557392977,0.79677965,49.05539086,8.576468463
Census Tract 834500,2266040,417204,486749,445265,4.655458974,0.936979102,50.11096492,10.08556346
Census Tract 834600,5439361,1101328,1182420,1125892,4.600193671,0.978182632,49.51609389,10.52907476
Census Tract 834700,3453522,795309,786605,887666,4.390414503,0.895955235,47.25804875,9.643986044
Census Tract 834800,3133556,626878,621452,604344,5.042313807,1.037286711,54.27503748,11.16526604
Census Tract 834900,4190590,770238,586502,530349,7.145056624,1.452322904,76.90878253,15.63268037
Census Tract 835000,14814894,1898262,1827078,1799942,8.108517535,1.054623982,87.27939393,11.35188296
Census Tract 835100,9393787,1644370,1482805,1558842,6.335146563,1.054866369,68.19097945,11.35449198
Census Tract 835200,8926819,765935,838644,1889183,10.6443485,0.405431872,114.574863,4.364034228
Census Tract 835500,3504464,465118,500753,463207,6.998388427,1.004125585,75.33005852,10.8083225
Census Tract 835600,4085637,450340,313356,295771,13.03832382,1.522596874,140.34341,16.38910341
Census Tract 835700,855122,,119432,,7.159906893,#DIV/0!,77.06862957,#DIV/0!
Census Tract 835800,2004105,412890,550785,542702,3.63863395,0.760804272,39.16594674,8.189232554
Census Tract 835900,7817280,939040,1377321,1306525,5.67571394,0.718730985,61.09290271,7.736359266
Census Tract 836000,4058874,804161,956001,926013,4.245679659,0.868412215,45.70013519,9.347515306
Census Tract 836100,4206615,557072,528729,575628,7.956089036,0.967763903,85.63866652,10.41692844
Census Tract 836200,1144595,261838,383621,897395,2.983660957,0.291775639,32.11587308,3.140648197
Census Tract 836300,3239481,950678,997033,981751,3.249121142,0.968349408,34.97326397,10.42323077
Census Tract 836400,4326263,624055,839308,799731,5.15455947,0.780331136,55.48324027,8.399418063
Census Tract 836500,1620312,222201,223906,218073,7.23657249,1.018929441,77.89385155,10.96766995
Census Tract 836600,10177492,1169326,1320971,1257673,7.704553696,0.9297536,82.93116149,10.00778877
Census Tract 836700,5476835,869483,946192,916587,5.788291383,0.948609352,62.30467674,10.21075048
Census Tract 836800,5156834,837210,880112,914457,5.859292908,0.915526919,63.06893112,9.854653986
Census Tract 836900,2584984,492066,500764,488380,5.162080341,1.007547402,55.56419428,10.84515464
Census Tract 837000,3865458,767224,638005,635218,6.058664117,1.207812121,65.21494588,13.00078707
Census Tract 837100,4724586,801505,1137230,1163599,4.154468313,0.688815477,44.71834401,7.414351278
Census Tract 837300,3985391,813303,807602,804002,4.934845382,1.011568379,53.11825648,10.8884361
Census Tract 837400,3462180,782426,717989,758518,4.822051591,1.031519357,51.9041537,11.10318674
Census Tract 837800,14099194,1568671,1459289,1778649,9.661687301,0.881945229,103.9975814,9.493183527
Census Tract 838000,7831981,707171,882737,939002,8.872383281,0.753109152,95.50157993,8.106402937
Census Tract 838100,10674233,466264,1917940,1906192,5.565467637,0.244604951,59.90622087,2.632906909
Census Tract 838200,11105129,433786,765310,872954,14.51062837,0.496917363,156.1911711,5.348776286
Census Tract 838300,3465912,292465,306247,314183,11.31737454,0.930874681,121.8192581,10.01985599
Census Tract 838600,2664290,408348,403589,508191,6.601493103,0.80353253,71.05791097,8.649155895
Census Tract 838700,6797192,1353294,1424388,1430669,4.77200875,0.94591691,51.36549681,10.18176927
Census Tract 838800,22873301,1855055,909317,768534,25.15437521,2.413757882,270.7595579,25.98148479
Census Tract 839000,63969425,1844637,5105261,3694029,12.53009885,0.499356394,134.8729196,5.375029803
Census Tract 839100,1022806404,11645075,67858012,55782167,15.07274342,0.208759817,162.2417298,2.247072941
Census Tract 839200,7342648,808000,1264950,1072647,5.804694257,0.753276707,62.48123588,8.108206485
Census Tract 839500,4654347,554501,889965,718945,5.229809037,0.771270403,56.29322021,8.301889101
Census Tract 839600,4084607,457975,627066,519891,6.513839054,0.880905805,70.11441023,9.481995256
Census Tract 839700,10904764,1632486,2286004,2269086,4.770229623,0.719446508,51.34634644,7.7440611
Census Tract 839800,6666411,1086541,1129544,1158676,5.901860397,0.937743597,63.52712395,10.09379242
Census Tract 839900,16533245,2648726,2258420,2589319,7.320713153,1.022943098,78.7995345,11.01087261
Census Tract 840000,7484884,985321,1302392,1271728,5.747028544,0.774789106,61.86052705,8.339764118
Census Tract 840100,5539860,1001219,1004612,1069156,5.514427461,0.936457355,59.35682874,10.07994742
Census Tract 840200,8068764,890215,1141434,1019106,7.068971136,0.873525423,76.08980481,9.402553451
Census Tract 840300,7803223,1208441,1213805,1122333,6.428728667,1.076722328,69.19828926,11.58974767
Census Tract 840400,27609629,1403805,2031071,1889916,13.59363065,0.742786981,146.3206856,7.995295965
Census Tract 840700,7626750,1046849,1212946,1169398,6.287790223,0.895203344,67.68123982,9.635892748
Census Tract 840800,4595444,713161,765969,762483,5.999516952,0.935313968,64.57829082,10.06764009
Census Tract 841000,6294630,244703,745265,544703,8.446163445,0.449241146,90.91378583,4.835593534
Census Tract 841100,22529974,2805334,2729911,2764495,8.253006783,1.01477268,88.83466393,10.92292692
Census Tract 841200,9636968,1514850,1602287,1699550,6.014508013,0.891324174,64.73965332,9.594137692
Census Tract 841300,29679047,3977059,2635375,2571202,11.26179272,1.546770343,121.2209802,16.64930458
Census Tract 841400,2336665,516395,506857,606491,4.610106993,0.851447095,49.62280005,9.164904199
Census Tract 841500,3963915,691800,845835,781531,4.686392736,0.885185616,50.44393331,9.52806278
Census Tract 841600,1335520,340981,329735,368299,4.050282803,0.92582657,43.59690002,9.965518554
Census Tract 841700,4311166,686825,1355299,1352849,3.180970398,0.50768785,34.23969515,5.464708888
Census Tract 841800,5874301,931810,1019789,955943,5.760310221,0.974754771,62.00348989,10.49217755
Census Tract 841900,38853118,1226693,3325644,3317618,11.68288548,0.369751129,125.7535869,3.979969739
Census Tract 842000,2384705,629911,389053,573471,6.129511917,1.098418229,65.97754558,11.8232805
Census Tract 842100,28217142,2753199,3756901,3946694,7.510749418,0.697596267,80.84506871,7.508866954
Census Tract 842200,63439459,2565890,5839834,4072296,10.86322985,0.630084355,116.9308832,6.782174476
Census Tract 842300,16263522,1164676,3306934,2865285,4.918006226,0.406478239,52.93700123,4.375297231
Census Tract 842400,20262760,1828788,2008448,1823795,10.08876506,1.002737698,108.59461,10.7933834
Census Tract 842500,1770208,237753,275882,278957,6.416540405,0.852292647,69.06709584,9.174005654
Census Tract 842600,90303808,5300013,4915624,5105936,18.37077205,1.038010073,197.7414298,11.17305225
Census Tract 842800,23405084,2939393,2917228,2942626,8.023056134,0.998901321,86.35949468,10.75208897
Census Tract 842900,8368482,1018205,1131916,1090668,7.393200556,0.9335609,79.57978274,10.04877023
Census Tract 843000,11593228,1023111,1161676,1082190,9.979743061,0.945407923,107.4211065,10.17629057
Census Tract 843100,2898483,640623,663401,622283,4.369126667,1.029472121,47.02890829,11.08115046
Census Tract 843200,66203392,2131746,2720172,4835797,24.33794334,0.440826197,261.9715546,4.745015735
Census Tract 843300,2527316,326081,467677,448527,5.403977532,0.727004171,58.16795509,7.825411143
Census Tract 843400,4271899,546262,943165,815371,4.529323077,0.669955149,48.75324884,7.211340315
Census Tract 843500,29626253,1851535,1331377,1079473,22.2523395,1.715221224,239.522292,18.46249555
Census Tract 843600,5146830,982996,1237267,1218023,4.159837771,0.807042232,44.7761404,8.686934023
Census Tract 843700,18474147,1312309,2106563,2365374,8.769805128,0.554799791,94.39743741,5.971817817
Census Tract 843800,6079948,841306,779229,726478,7.802517617,1.158061221,83.98563681,12.46527261
Census Tract 843900,4882731,1200092,1951611,1324434,2.501897663,0.906116877,26.93021391,9.753365092
Census Tract 980100,82223779,704020,459868,554550,178.7986531,1.269533856,1924.573513,13.66515458
#N/A,2217776,205530,577997,207620,3.837002614,0.989933532,41.30117019,10.65556045
