COMMUNITY_AREA_NAME,CENSUS_BLOCK,BUILDING_TYPE,BUILDING_SUBTYPE,KWH_JANUARY_2010,KWH_FEBRUARY_2010,KWH_MARCH_2010,KWH_APRIL_2010,KWH_MAY_2010,KWH_JUNE_2010,KWH_JULY_2010,KWH_AUGUST_2010,KWH_SEPTEMBER_2010,KWH_OCTOBER_2010,KWH_NOVEMBER_2010,KWH_DECEMBER_2010,TOTAL_KWH,ELECTRICITY_ACCOUNTS,ZERO_KWH_ACCOUNTS,THERM_JANUARY_2010,THERM_FEBRUARY_2010,THERM_MARCH_2010,THERM_APRIL_2010,THERM_MAY_2010,THERM_JUNE_2010,THERM_JULY_2010,THERM_AUGUST_2010,THERM_SEPTEMBER_2010,THERM_OCTOBER_2010,THERM_NOVEMBER_2010,THERM_DECEMBER_2010,TOTAL_THERMS,GAS_ACCOUNTS,KWH_TOTAL_SQFT,THERMS_TOTAL_SQFT,KWH_MEAN_2010,KWH_STANDARD_DEVIATION_2010,KWH_MINIMUM_2010,KWH_1ST_QUARTILE_2010,KWH_2ND_QUARTILE_2010,KWH_3RD_QUARTILE_2010,KWH_MAXIMUM_2010,KWH_SQFT_MEAN_2010,KWH_SQFT_STANDARD_DEVIATION_2010,KWH_SQFT_MINIMUM_2010,KWH_SQFT_1ST_QUARTILE_2010,KWH_SQFT_2ND_QUARTILE_2010,KWH_SQFT_3RD_QUARTILE_2010,KWH_SQFT_MAXIMUM_2010,THERM_MEAN_2010,THERM_STANDARD_DEVIATION_2010,THERM_MINIMUM_2010,THERM_1ST_QUARTILE_2010,THERM_2ND_QUARTILE_2010,THERM_3RD_QUARTILE_2010,THERM_MAXIMUM_2010,THERMS_SQFT_MEAN_2010,THERMS_SQFT_STANDARD_DEVIATION_2010,THERMS_SQFT_MINIMUM_2010,THERMS_SQFT_1ST_QUARTILE_2010,THERMS_SQFT_2ND_QUARTILE_2010,THERMS_SQFT_3RD_QUARTILE_2010,THERMS_SQFT_MAXIMUM_2010,TOTAL_POPULATION,TOTAL_UNITS,AVERAGE_STORIES,AVERAGE_BUILDING_AGE,AVERAGE_HOUSESIZE,OCCUPIED_UNITS,OCCUPIED_UNITS_PERCENTAGE,RENTER_OCCUPIED_HOUSING_UNITS,RENTER_OCCUPIED_HOUSING_PERCENTAGE,OCCUPIED_HOUSING_UNITS
Albany Park,,,,2220671,2109977,2078785,2080695,2582217,2881111,2683380,2614551,2196303,2236975,2572044,2611331,28868040,636,363,270493,213493,158624,82739,47881,25599,20464,18072,24207,40705,93500,206269,1202046,237,1643197,1459262,145065.5,718983.5,199,5682,11576,25182,9214828,8882.15,22342.29,600,1463,2340,5593,232469,5835.17,15238.4,44,1157,1711,3527,170425,7445.21,20326.03,600,1402,2131.5,5019.5,232469,20271,7713,1.65,66.77,678.87,6822,0.8845,4535,0.6648,6822
Archer Heights,,,,1681133,1537013,1508250,1604688,1769408,1983709,1916261,1864656,1671363,1627799,1659764,1874740,20698784,114,58,263351,221963,166892,94288,67741,62986,66531,75045,71108,77913,112594,206492,1486904,105,1422458,1793970,291532.2,855743.79,112,6140,21263,164340,5980609,20918.5,54154.12,588,1212,2468.5,12155,326091,16521.16,62850.07,97,1114,1507,5395,492734,21105.53,66049.64,520,1119,1600,4100,435435,4055,1597,1.29,51.49,219.83,1472,0.9217,644,0.4375,1472
Armour Square,,,,1019810,1182215,1043623,1020908,1069333,1135115,1403466,1307974,1111612,1032310,1169747,1345210,13841323,404,76,121277,83625,94582,44519,27671,22174,19444,20396,19731,28473,62263,112212,656367,67,1025975,903924,234598.7,538462.12,357,5711,28318,216764,3351426,17689.22,27999.95,882,1911,5534,20500,132094,10939.45,17888.81,87,958,2002.5,10252.5,86467,15320.75,27488.83,882,1920,5419,13000,132094,5294,2468,1.8,36.85,165.3,2275,0.9218,1723,0.7574,2275
Ashburn,,,,2508955,2667015,2508769,2639879,3348938,3448348,3697114,3116143,2741147,3229727,3303222,3801941,37011198,281,123,190792,164349,132801,59017,31137,21464,10477,22907,14293,28620,61891,132498,870246,208,1809982,1773419,185985.9,1474921.14,159,4881,11058,30014,20396794,9627.56,49156.51,624,1125.5,1683,5016,659485,4329.58,9766.88,28,1042,1415,2829,110266,9094.46,48432.98,624,1078,1356,3920,659485,14401,5094,1.31,42.66,683.51,4751,0.9327,971,0.2044,4751
Auburn Gresham,,,,2098056,1966320,1846645,1750305,1950891,2209779,2191244,2090741,1670173,1734975,2273953,2736907,24519989,727,389,455320,397220,281565,133573,82845,39754,29625,27948,28063,63842,177954,394243,2111952,407,2436693,2360039,63523.29,173156.55,123,3816,9902.5,22520,1654101,6902.81,22201.11,506,1200,1964,5008,353513,5692.59,18021.19,26,1163,1885,3458,296603,6629.32,22140.09,506,1151,1795,4500,353513,22248,10467,1.46,61.23,1148.76,8659,0.8273,5278,0.6095,8659
Austin,,,,4914217,4602145,4276679,3741778,4655376,5035923,5490870,5368086,4598089,4103613,4760380,5642098,57189254,1249,709,824780,738069,523439,261901,152696,97750,87539,81756,94876,144435,349969,697764,4054974,663,5074297,4245945,89920.21,322986.11,106,4711,11347,26936,3352817,8763.9,24079.71,122,1500,2520,5965,367300,6803.65,20420.88,25,1237,1926.5,3988,300371,7595.61,17434.64,672,1440,2400,5727,195448,48897,19985,1.58,59.6,2061.92,16903,0.8458,11419,0.6756,16903
Avalon Park,,,,765318,591094,548456,546482,561253,553416,550277,577188,484164,585935,747036,855011,7365630,121,62,130575,106298,75686,43561,31215,25783,22612,22742,23080,30950,52525,121928,686955,111,605375,969393,76725.31,377787.93,100,4713,9095,18918.5,3523599,6580.16,31466.77,200,1180,1666.5,3382.5,299606,6480.71,21410.62,25,1024,1776,3931,206476,9693.93,33974.12,600,1247,1909,4304.5,299606,3553,1527,1.33,57.29,218.93,1335,0.8743,335,0.2509,1335
Avondale,,,,1411929,1355511,1326372,1241245,1618390,1788565,1811734,1663774,1484830,1470532,1605170,1791242,18569294,255,157,219380,180556,145576,81719,39717,23123,19601,18349,18701,29580,67356,166983,1010641,207,1305355,1022718,109231.1,459068.3,139,5800,9941.5,26247,5318175,8314.36,24672.74,300,1300,2274,4969,243600,6200.25,16057.69,73,1060,1719,4346,139472,6514.13,13921.2,300,1251,2220,5686,138485,12002,4951,1.45,61.82,469.6,4342,0.877,2794,0.6435,4342
Belmont Cragin,,,,2089837,2400735,2210776,2274712,2725378,3080353,3024102,2990352,2574851,2401706,2818770,2967803,31559375,866,322,495569,461671,300423,139364,99034,56940,50769,51217,53287,91421,215208,502957,2517860,429,2695775,2806677,81548.77,300779.13,126,5021,11545,26649,2950345,7509.12,21979.91,141,1300,2100,6091,282500,6556.93,18046.28,39,1193,1729,4355.5,196896,7689.53,22625.42,200,1219,1968,5751,282500,29058,9026,1.39,55.29,1499.9,8197,0.9081,4409,0.5379,8197
Beverly,,,,560023,584902,518471,548344,684296,779664,780407,689834,572004,565168,762021,729952,7775086,285,104,111224,90435,69747,28649,17250,11365,8395,8128,7582,11809,40152,92980,497716,131,818592,644045,49522.84,129068.46,253,6784,11197,25930,1051119,6248.79,10239.84,810,1578,2320,4838,58533,3950.13,7350.56,45,1227,1945.5,2894,47169,5279.06,9134.92,819,1460,2292,3700,58533,9250,4671,1.63,58.32,399.42,4181,0.8951,1952,0.4669,4181
Bridgeport,,,,2649974,2551970,2848726,2747138,3298406,3410631,3693863,3383587,3272752,2981207,2918982,2657128,36414364,343,164,356488,266991,248975,79428,45634,25555,22752,19879,23557,39833,153871,333115,1616078,259,1746218,2872025,165519.8,912812.93,119,6047.5,11395.5,39580.5,11242735,8355.11,15882.78,484,1500,2338,6331,105710,7119.29,21925.39,62,950,1599,3546,247463,14217.95,92440.75,588,1303,2222,6323,1304468,16640,7306,1.44,59.13,598.41,6445,0.8822,3820,0.5927,6445
Brighton Park,,,,1347827,1410908,1259798,1238368,1404637,1614426,1632470,1726260,1502387,1319201,1394203,1512031,17362516,292,152,274034,231872,175240,69596,41790,27871,21588,19866,21597,33852,91910,216806,1226022,243,1877358,1894554,78563.42,230311.39,100,5195,10902,27522,1972360,8691.47,20996.6,280,1125,2019,4275,139314,5702.43,12041.16,64,1080,1591,3339,76977,9152.43,20933.88,300,1128,1970,4506,136012,16846,5413,1.4,54.2,791.33,4624,0.8542,2677,0.5789,4624
Burnside,,,,264004,324667,308677,302692,341032,356029,340311,309799,292797,277470,338174,423190,3878842,117,42,83168,57775,55350,13541,8541,2637,2325,2038,2505,10967,30734,86022,355603,42,472742,460918,99457.49,290582.2,221,4247,8348,16115,1433081,12440.58,33507.48,714,1104,1664,3072,143643,9118.03,22800.02,274,1036,1498,2858,90797,11818.41,33155.92,663,1104,1848,2915,143643,1900,893,1.51,66.73,145.37,751,0.841,450,0.5992,751
Calumet Heights,,,,1546739,1446454,1363576,1414796,1650509,1871270,1952576,1680314,1383376,1361837,1751805,2017277,19440529,184,102,180225,118939,162636,68413,54959,40991,35727,33227,39528,53833,103837,187154,1079469,144,831770,1281634,148401,957922.59,129,4632,10195,33499,10711733,6931.42,13133.8,300,1262,1864,3858.5,73800,8705.4,53788.02,79,1052.5,1619.5,2620.5,598346,10954.14,59214.67,300,1252,1600,2855,634936,4144,1914,1.54,55.34,315.66,1717,0.897,634,0.3692,1717
Chatham,,,,886167,862385,838307,844807,960821,1113659,1136125,1022549,845302,907896,1062348,1195916,11676282,634,414,263302,218935,173999,89133,51287,23891,18080,17893,18930,38777,107756,233130,1255113,249,1390638,1268345,43406.25,115065.65,115,5234,10928,21167,979214,6236.04,11624.91,500,1176,2100,5901,82110,5340.91,11951.58,38,1094,1711,4247,115489,5791.53,14098.57,700,1144,1891,3748,142134,17272,10435,1.5,56.36,686.53,8396,0.8046,5933,0.7066,8396
Chicago Lawn,,,,1075366,1029545,983100,990490,1184787,1291230,1318809,1415874,1035276,1018442,1144872,1275472,13763263,421,397,254142,215874,150095,74485,43653,27809,28042,25512,25395,42981,96976,219225,1204189,375,1078653,1093851,47955.62,163061.58,127,3225,7756,20643,1579303,3980.27,6460.23,300,1200,1760,3448,45000,4123.93,9067.66,30,938,1692,2607,70500,3920.61,7393.72,300,1163,1601,3100,62336,22701,7862,1.47,62.48,1208.49,6456,0.8212,3732,0.5781,6456
Clearing,,,,863373,811436,749534,802344,948137,1083483,1029279,1051734,850695,779920,883106,1037354,10890395,216,95,133721,116137,83866,37288,19628,11570,8989,8882,9547,16271,41335,101002,588236,129,715613,729699,90003.26,265669.1,396,6243,11876,43887,2084178,6222.72,12866.97,86,1284,2308,5400,87227,4821.61,9868.91,107,943,1519.5,4372,73217,6131.92,13100.41,726,1200,1952,4700,87227,7065,2910,1.42,42.58,339.73,2683,0.922,1015,0.3782,2683
Douglas,,,,6624880,6691612,6314805,6310737,7228751,7998428,9175928,9096556,7657890,6727588,7140361,7717075,88684611,804,298,380809,304127,220432,114488,73311,44556,46042,48104,46220,94124,191760,336065,1900038,73,2128961,1631858,1214858,6606556.43,188,6979,17978,336240,55419434,29985.37,66717.52,410,2200,4400,14964,378000,26761.1,51821.55,205,1379,3690,16176,251365,23997.91,52151.86,451,2160,5065,14277.5,254859,9663,4405,2.39,35.36,166.33,3747,0.8506,2559,0.6829,3747
Dunning,,,,1505577,1654605,1520959,1566544,1865673,2161247,2275265,2186841,1795222,1668599,1847180,1992827,22040539,589,190,350778,291171,214158,110174,94995,56889,36487,37954,42678,65401,154612,309917,1765214,322,2456674,2460057,78716.21,489410.96,196,7141.5,11245.5,21351,7460330,9412.54,48705.35,113,1168,1760,4237,690366,5884.05,27791.28,97,1130.5,1491,3083,360466,8367.54,45927.95,594,1093,1578.5,3512,690366,18478,7832,1.57,53.8,864.68,7301,0.9322,2200,0.3013,7301
East Garfield Park,,,,1887506,2012164,1807533,1837159,2066725,2037966,2255292,2233284,2051976,1835099,2028889,2555553,24609146,494,281,546908,340160,373930,107478,59865,30747,20241,18952,23442,57663,224467,461571,2265424,241,2396497,2526507,114461.1,396563.92,113,4515,9478,24785,3031681,12164.96,45235.23,93,1360,2226,6000,464766,11159.72,42658.62,40,1540,2337,5886,536780,13158.89,45963.81,640,1453,2534,6157.5,464766,14728,6426,1.54,53.75,696.45,5145,0.8007,4066,0.7903,5145
East Side,,,,1234030,1169506,1024702,1029100,1024856,1023273,908406,954301,877768,993220,1254373,1276189,12769724,143,75,125850,103835,83349,36894,19382,9893,6646,6123,7115,17490,49495,106222,572294,145,979754,868026,102981.6,401069.1,431,4812,8893.5,21523,3695104,7901.24,23333.33,117,1074,1575.5,2965.5,180489,4402.26,12836.07,42,1010,1471.5,2293,117705,6781.45,21139.22,640,1062,1504,2776.5,180489,7756,2555,1.31,55.1,461.25,2269,0.8881,906,0.3993,2269
Edgewater,,,,5791710,4436045,3300147,3314944,3606998,4537193,4025829,3798947,3092907,3821281,6921551,6641729,53289281,2930,1015,619343,510906,378394,194658,135070,66514,55724,56247,71350,147575,294651,601840,3132272,226,8671406,4477430,240041.8,1007332.35,303,7308,18323.5,78184,11859460,44697.97,229242.24,600,2288,3854,14300,2752368,15059,38748.97,87,1315.5,2717,13051.5,412077,23199.12,99963.09,825,2130,3357,11900,1245247,40043,22893,3.05,58.34,495.13,20530,0.8968,13273,0.6465,20530
Edison Park,,,,383938,410620,401786,440408,558233,608687,580454,514053,423869,410622,456842,467644,5657156,192,55,117982,91900,73551,38658,22768,12520,9094,7906,8715,15166,34834,78443,511537,95,524261,465178,73469.56,249650.57,293,6685,10637,22196,1989296,7597.99,13341.74,864,1552,2714,7383,78700,6238.26,9487.11,110,1210,2339,6250,55060,6840.85,12486.24,864,1427.5,2101.5,7019.5,78700,4894,2774,1.57,46.21,188.86,2599,0.9369,1233,0.4744,2599
Englewood,,,,1783889,1966486,1564426,1549178,1874182,2108378,2162899,2244602,1664033,1672094,2042417,2305825,22938409,1182,745,426695,369081,261248,127395,77551,32003,28281,27158,35751,84284,204227,442781,2116455,390,3077783,2691051,53846.03,231066.02,101,3337,8012.5,15545,3518716,7675.27,27127.41,200,1192,1880,3224,297012,5879.04,15039.78,33,1151.5,1891,3536.5,181427,7688.72,25147.02,200,1192,1891,3500,297012,20976,10062,1.75,78.62,1467.61,7097,0.7053,5213,0.7345,7097
Forest Glen,,,,1023402,912358,716416,766689,977414,1179294,1163718,964554,760971,800563,1307053,1404991,11977423,275,67,128244,111596,76582,35379,20946,9338,7531,6958,7424,18682,50261,120517,593458,158,766170,749980,81479.07,287548.11,3499,8222,13874,27570,2487262,5512.01,11778.42,674,1352,2010,4240,111600,4009.85,6159.1,154,1175,1631.5,2872,41502,5357,12140.72,674,1289.5,1901,3526,111600,6472,2677,1.54,49.75,398.22,2504,0.9354,489,0.1953,2504
Fuller Park,,,,590923,593941,576885,546222,663164,644518,699742,660675,604430,597427,624542,702589,7505058,367,199,145908,117030,103662,44428,18764,9084,6812,7247,8518,21500,73020,128026,683999,62,750584,768995,113713,355298.06,120,2711,7993,18088,2552052,11727.88,30377.11,100,1000,1958.5,6414.5,201152,12214.27,33308.35,117,1025,1597,3009.5,185483,13981.73,33886.91,100,986,1992,6162,201152,1989,1126,1.53,57.78,173.7,853,0.7575,631,0.7397,853
Gage Park,,,,2595319,2647217,2397152,2384401,2670172,2898988,2946263,3074714,2585956,2425127,2857879,3127161,32610349,354,168,216683,181068,123550,51934,36005,25106,22030,19599,22164,39505,100329,201775,1039748,184,2188264,2138178,189595.1,1220877.89,137,4681.5,10897,19611,15368363,13937.99,72801.95,200,1174,1784,4663,879900,6080.4,12178.9,57,1187,1652,4124,71534,13532.77,72220.36,200,1104,1723,4494,879900,13282,3902,1.49,57.06,703.07,3492,0.8948,1973,0.565,3492
Garfield Ridge,,,,1441562,1367572,1340630,1561797,1561194,1871890,1954834,1929342,1438736,1335332,1527418,1769850,19100157,462,144,424761,346070,275876,168760,129299,100931,94862,90908,104102,140777,222251,355999,2454596,248,1116803,1530611,86036.74,281997.29,135,6153,11873,39600,2574857,5292.91,9691.04,400,1100,1900,4562,65716,11007.16,98349.17,44,1035,1524,3825,1464144,7053.51,19001.95,400,1080,1855,4614,198778,10280,4178,1.36,43.45,627.9,3856,0.9229,1483,0.3846,3856
Grand Boulevard,,,,1446566,1858785,1597030,1314220,1553999,1664996,1778202,1855897,1470409,1511646,1866706,2386954,20305410,937,421,295946,224982,211628,81785,38457,30858,19097,24137,23390,49613,141806,284468,1426167,199,2215399,1662885,117372.3,379186.16,221,6699,13189,49231,2905795,13265.86,38207.42,300,2114,3063,8172,390214,8858.18,22031.23,168,1417,2434,5688,222394,10797.95,23305.65,840,2221,3162,7922,187272,11312,6887,1.87,51.64,421.33,5616,0.8154,4401,0.7837,5616
Greater Grand Crossing,,,,2407392,2313099,2147071,2085397,2011262,2489436,2397967,2206563,2152395,2097805,2450609,2812830,27571826,438,336,682872,627715,503810,284119,95846,41077,31458,43672,39347,159102,395960,705234,3610212,318,1596431,2589207,92834.43,672314.23,107,3723,8060,17757,10128126,5847.73,10805.51,551,1360,2230,4478,78767,12802.17,114660.63,33,1228,1955.5,3937,1917731,9661.22,39351.54,600,1360,2197,4835.5,597049,20909,9896,1.54,66.74,863.48,7762,0.7844,5706,0.7351,7762
Hegewisch,,,,201295,212003,207286,223586,234138,251503,265041,258064,217810,213517,239939,261641,2785823,96,19,42722,32809,28715,13194,5812,3563,2738,2407,2534,3563,9089,23464,170610,74,386497,247405,35263.58,75366.1,277,4468,8475,36128,496086,5019.44,13428.68,600,1212,1728,3141,110719,2369.58,2802.85,452,1019.5,1311.5,2571.5,18985,3484.58,5470.56,546,1212,1728,3141,39484,2436,1028,1.29,48.37,191.27,931,0.9056,335,0.3597,931
Hermosa,,,,570509,704809,685185,623713,765381,845942,833600,819654,680037,675053,770470,848429,8822782,186,113,396241,348798,272115,176307,150113,129053,116585,133320,129109,138861,218645,367666,2576813,120,1536031,1237835,80942.95,219934.76,115,4764,10201,21078,1287352,17067.01,45596.92,836,1638,3536,8500,336900,24777.05,118677.34,121,1219.5,1886,7345.5,1014035,12894.11,29733.13,836,1200,2433,5700,195583,11210,4182,1.51,60.37,397.38,3740,0.8943,2696,0.7209,3740
Humboldt Park,,,,3134909,3099375,2939250,2754168,3274947,3423308,3518045,3639515,2865504,2910846,3709821,4162062,39431750,779,416,876032,747001,649624,430999,398936,387442,398853,394848,370430,429368,570825,913124,6567482,403,4598636,3937976,104871.7,450581.11,107,4014,9565,26812.5,6901944,12881.33,55564.51,100,1121,2070,5295,850228,18344.92,198122.61,27,1008,1634.5,3841,3731164,11582.28,33741.27,494,1175,2105,5300.5,413691,29607,11117,1.54,64.2,1362,9264,0.8332,6290,0.679,9264
Hyde Park,,,,988250,902461,870778,788976,808066,929705,1042481,975926,776025,789191,1067337,1331594,11270790,769,356,324730,303773,269859,121997,113790,38104,31443,29445,33649,69385,157370,290450,1783995,133,1891759,3101341,81672.39,192555.81,331,7826,15320.5,38093,1249432,18730.29,30274.59,896,2730,5332,20481,175104,17153.8,24041.45,146,2045,7473.5,24481,139573,32992.99,78738.91,880,2748,7671.5,24282,561251,26450,14815,3.11,51.04,300.22,13203,0.8912,8734,0.6615,13203
Irving Park,,,,2100277,2044580,1978322,1991902,2449016,2953927,2696669,2573278,2129827,2021972,2296564,2628116,27864450,756,285,453447,390967,283445,152558,104088,67274,58824,56748,56423,84207,185079,367077,2260137,349,3223219,2823184,88458.57,336913.07,209,7127,13142,29569,3679464,11349.36,50444.45,642,1300,2300,5832.5,665631,7661.48,21735.92,43,1192,1774,5586,207342,10011.29,44245.81,642,1273,2290,6639,665631,28204,12827,1.67,59.09,902.39,11782,0.9185,7373,0.6258,11782
Jefferson Park,,,,1468384,1517614,1386699,1445982,1767611,1904462,1847645,1649511,1390194,1464302,1779826,1831012,19453242,555,121,205473,175073,138877,77432,49670,33642,25404,25187,26595,34718,70066,145422,1007559,266,1040983,1087315,90480.2,343321.16,230,5889,10787,21451,3918337,5257.49,10818.89,640,1168,1517.5,3889,85269,4030.24,8481.97,86,1077,1418.5,3075,80239,4474.55,9574.04,640,1122,1408,2987,85269,14408,6615,1.49,56.25,663.71,6069,0.9175,2537,0.418,6069
Kenwood,,,,1514588,1467831,1393508,1315174,1548120,1618034,1696199,1739934,1547276,1425469,1601969,1617184,18485286,628,266,235869,239079,194601,86687,57404,39143,35801,36274,35403,59247,145383,268211,1433102,64,1557425,1810971,293417.2,640314.3,345,7521,26663,368042,3778646,24721.03,41254.77,630,2716,6014,17363,175957,22747.65,41015.56,404,1507,3451,28641,227197,29688.05,64999.02,630,2566,5712,15765,415265,9078,4831,3.43,46.01,153.82,4313,0.8928,2983,0.6916,4313
Lakeview,,,,5353409,4931519,4760201,4754874,6117506,7227951,7788242,6771529,5278168,5033755,6085598,6974936,71077688,4295,1682,1071828,876313,675689,354402,214594,120221,109663,106299,122970,227536,503663,1025415,5408593,415,11452956,11967541,179037,1110955.12,131,8833,18129,50136,19840845,33005.64,200903.54,400,2059,3057,9490,2774361,15954.55,60840.77,34,1342,2058,6994,691826,37398.57,214911.2,400,1979,2997,7800,2774361,59202,40179,2.67,65.02,832,36470,0.9077,25512,0.6995,36470
Lincoln Park,,,,3888718,3739979,3477020,3363408,4380843,5555584,5536628,5430680,4163591,3707084,4082974,5087618,52414127,3233,1133,798886,665461,478687,250805,179377,108019,101737,101368,112542,185493,404007,820375,4206757,397,7953558,6332601,146818.3,518920.36,131,9328,18711,52773,4078762,24854.87,128076.07,468,2075,3200,7794,1457362,12709.24,34921.32,63,1487,2367,6431,316318,20296.8,106341.59,468,2107,3325,8610.5,1457362,48156,29033,2.52,63,795.31,26631,0.9173,17013,0.6388,26631
Lincoln Square,,,,1531706,1567709,1461519,1659906,2022953,2591943,2749553,2166007,1695068,1580423,1895337,2001539,22923663,853,430,438973,377733,304142,185242,92369,52989,45289,41535,48713,92761,196962,404587,2281295,234,1725978,1824327,97134.17,283059.86,155,7872,14440,33485.5,1882858,9036.53,15809.02,300,1782,2963,9065,99187,11406.48,22454.27,39,1358.5,2261,9153,146132,10079.15,19189.28,300,1698,2883,8107,116669,21257,12300,1.87,60.07,495.98,11104,0.9028,8170,0.7358,11104
Logan Square,,,,3998960,3769789,3530031,3475786,3936037,4450751,4391285,4409802,3869364,3671867,4181478,4693652,48378802,819,648,533131,449407,442317,172071,117750,86406,73678,79345,77765,117073,254468,503571,2906982,566,3572679,3074332,101210.9,535158.45,114,6198,13352,35819,10902137,8064.74,19201.73,200,1400,2414,5508,203133,6576.88,24832.4,54,1102,1731.5,3401,460275,7267.92,16217.13,400,1402,2352,5400,161393,36436,17008,1.56,62.76,1228.36,15374,0.9039,10956,0.7126,15374
Loop,,,,52985338,47879756,44136463,42220549,46950669,49858827,49443102,48097101,44503864,42257527,52497173,62344363,583174732,2621,1225,1775699,1412107,1092035,525624,374438,231043,218267,217444,230921,418794,922979,1862427,9281778,90,48592746,45511769,6552525,11437123.74,406,124816,992089,8100135,64150442,631074.6,1028212.98,2526,36086,269847,830500,6548217,132596.8,228587.59,49,4911,33626.5,194526,1535705,679280.1,1089875.31,100,28259,297795,874878,6548217,13729,9412,18.47,53.43,55.15,7578,0.8051,5641,0.7444,7578
Lower West Side,,,,2523440,2822992,2645923,2597560,3043885,2986722,3309040,3147007,2860615,2599829,2882389,3106547,34525949,273,150,518076,387943,510918,260303,190006,150183,155930,173791,174256,196001,279907,495568,3492882,260,2492121,2514453,165195.9,613825.78,129,5681,11053,60906,7461049,12276.46,26966.6,400,1400,2480,9800,240400,16398.51,89136.25,45,1114,1944,5156,969118,12325.75,25068.35,400,1323,2300,8335,138000,15735,6622,1.57,63.07,570.44,5508,0.8318,4325,0.7852,5508
McKinley Park,,,,604182,614221,592700,547680,623550,646471,752107,719639,593191,550950,584128,697890,7526709,141,52,150475,124574,88674,38655,20123,11324,9295,9153,10663,16503,52481,130605,662525,103,454975,995058,70343.07,159881.86,201,6828,10348,51471,1044960,4460.54,6118.66,520,1225,2255,5250,49200,6973.95,19617.55,45,1113,1775,6049,180618,10815.85,43526.14,520,1231,2255,5383,401200,6378,2305,1.38,57.38,327.11,2071,0.8985,1011,0.4882,2071
Montclare,,,,1087415,1018396,1104894,1124168,1397367,1628918,1776546,1685385,1357816,1162821,1264519,1352170,15960415,402,96,158320,134348,93800,56470,34364,16825,17164,16438,18739,33036,60679,117978,758161,123,1107409,803136,158023.9,608372.67,120,5613,13537,40987,5211132,11535.51,37781.42,770,1397.5,2692,8389.5,332686,7020.01,17115.41,29,1130,1900,6014.5,135108,7951.84,17654.94,738,1397,2690,7943,159600,6809,3003,1.5,45.49,312.29,2423,0.8069,1237,0.5105,2423
Morgan Park,,,,1049786,957076,827380,876633,1062195,1206673,1178797,1057567,873935,971942,1170781,1221681,12454446,326,199,208019,176228,123155,55002,30217,17285,12654,11745,11903,28104,90928,182759,947999,194,844955,1105174,63868.95,189281.75,231,3988,9047,18601,1332103,4542.77,7924.05,486,1072,1665,3500,57771,5325.84,18230.2,86,1171,1684,2754,223601,6425.43,32898.73,486,1040,1476.5,2885.5,423000,12175,5209,1.38,49.21,584.11,4596,0.8823,1644,0.3577,4596
Mount Greenwood,,,,382423,372393,346910,373943,477793,535717,550226,530433,404129,397330,463858,496099,5331254,169,86,96153,82418,53007,36062,14828,7716,6100,6221,8138,12004,39516,86590,448753,92,408158,383631,71083.39,189010.16,798,8476,13747,36188,1427349,5591.21,16574.88,648,1074,1507,3800,135704,5609.41,18733.19,137,914,1282,3205,156809,4982.22,15830.72,648,1044,1377,3000,135704,6277,2583,1.39,48.54,211.79,2448,0.9477,555,0.2267,2448
Near North Side,,,,27406980,26268680,23232831,22007261,25755723,29267150,31307909,30795059,26535887,23786022,28091097,33744291,328198890,7305,2463,1945695,1661273,1269263,746972,547394,399757,336847,334979,346300,561689,1042453,1885549,11078171,309,31715999,30795451,1155630,3031810.74,145,30665,120188.5,869575.5,30713971,124866.1,296764.66,500,4915,18286.5,115236,2071586,44490.65,93034.03,38,2694,7693,34383,716213,130489.2,309834.57,500,4874,16193.5,106300,2071586,67388,51372,7.54,36.4,408.76,43222,0.8414,28335,0.6556,43222
Near South Side,,,,11784382,14163767,13775522,12436977,15184255,14834159,18118291,16079469,16956992,14387706,16519840,14633467,178874827,1485,381,373155,290560,222342,134291,97515,56639,48402,48331,57994,96893,192752,362072,1980946,49,15367811,13437906,3974996,19601101.24,172,40195,167040,777983,130126887,394046.4,1498504.89,1091,7455,27870,102300,9090576,43064.04,81318.6,518,2155,8536.5,39697,367734,292128.4,1353366.6,1553,4010,18032.5,61371,9090576,9715,7003,4.09,28.3,40.64,6141,0.8769,4802,0.782,6141
Near West Side,,,,35362948,35458619,37667589,38224752,48619249,52569078,55139826,51589125,41882244,37474501,39895433,40901987,514785351,4790,2322,6335548,5299982,4391043,2693870,2262504,1875059,1842373,1731502,1723688,2275500,3440335,5796167,39667571,427,28610030,21595315,1433942,10281085.32,107,11389,53424,471150,185805060,82927.62,286056.55,159,2617,8564,31395,2978751,104940.7,1431092.26,72,1530,4791,21209,27772736,60322.11,217066.13,200,2675,7650.5,29645,2200983,25110,14097,3.04,37.13,572.99,12204,0.8656,8826,0.7232,12204
New City,,,,8630786,8687716,8436271,8332839,8725653,9783261,9380743,9690511,9277566,8512713,9205822,9852595,108516476,602,407,899027,736246,543420,287619,203308,195155,181249,169023,177301,213552,401268,860182,4867350,432,4098106,5313754,287842.1,2211135.97,139,5095,11530,45827,33353909,10986.88,29163.35,300,1234,2154,5312,261400,13672.33,75847.13,31,1069,1861.5,3794.5,1254118,15138.9,91145.55,300,1248,2226,5760,1643208,20220,8042,1.48,65.14,1289.62,6354,0.7901,4319,0.6797,6354
North Center,,,,2090724,2155244,2119223,2022760,2345272,2604172,2494675,2478678,2150276,2282498,2358174,2790392,27892088,285,222,329117,277874,196942,97392,67256,43761,35508,31179,35426,61711,134134,275489,1585789,236,2378218,2169679,132190,603526.5,133,7840,14989,26520,6408154,11891.09,61922.57,500,1482.5,2353,3920,843901,7410.23,32399.55,37,1226,1677,2636,326616,10481.54,59769.67,680,1520,2428,3879,843901,13118,7610,1.58,61.47,525.48,6068,0.7974,3458,0.5699,6068
North Lawndale,,,,3525053,3677054,3412329,3201680,3604683,3790701,4175772,3941816,3725359,3391449,4191796,4236622,44874314,579,421,942272,803627,733517,506675,462299,411275,428139,432725,425091,464266,556529,834879,7001294,386,4071390,3684068,126406.5,563691.47,120,4860,9547,24602,6863422,12488.93,38446.6,200,1378,2357,5800,459500,20775.35,217858.23,73,1199,2201,4792,3978670,11405.78,27133.26,300,1400,2476,6200,264773,24792,9790,1.63,57.04,1053.03,7696,0.7861,6018,0.782,7696
North Park,,,,3026415,2849007,2734869,2718337,3201377,3397407,3443474,3218032,2840433,2843005,3393692,3127056,36793104,328,67,333328,277290,210973,99258,62891,47389,68781,41173,39959,63059,134135,268201,1646437,115,1562054,1410557,334482.8,1855559.78,265,7562,12775,36126,18101633,15939.33,58878.46,854,1650,2429,5142,531115,15532.42,79964.47,404,1329,1843,4358,805338,13965.91,56530.06,854,1650,2333,5513,531115,6592,2597,1.56,46.36,267.63,2405,0.9261,1329,0.5526,2405
Norwood Park,,,,3902473,3962044,3883076,4238067,5470284,6301314,5990260,5306337,4443582,3855759,4806837,4491670,56651703,634,130,470224,391732,321301,212050,162199,123275,110713,115244,126585,179054,260962,421008,2894347,296,2674226,2046008,202327.5,1945867.36,144,5911.5,10278,22152,32111804,10570.06,52994.98,400,1112,1500,3789,694722,10155.6,89317.05,51,975,1319,2517,1490946,7467.18,29496.77,400,1100,1492,3638,380980,15861,7114,1.47,51.57,739.07,6547,0.9203,1488,0.2273,6547
O'Hare,,,,1185304,1227033,1101650,1165068,1308360,1516399,1337715,1431820,1170274,1137894,1408003,1316817,15306337,494,240,136480,113829,95493,64100,62839,65956,77167,77271,37986,46626,80602,123289,981638,36,1254937,992684,340140.8,1259565.93,2608,12690,19717,29598,7773137,33917.22,90603.7,1266,3214,6864,14859,532200,28871.71,110474.97,506,2344,5240.5,8123,645280,35453,100998.06,1266,1884.5,6308,14931,532200,10709,5356,2.62,29.89,92.88,4912,0.917,2711,0.5519,4912
Oakland,,,,606995,674425,659414,557238,589675,576433,671706,633543,577961,575209,715955,895466,7734020,741,347,185557,162225,109981,95296,52733,26022,26145,27285,37827,56003,94444,177083,1050601,34,1117020,1186153,168130.9,286342.92,1348,9075,26528,280247,1452740,27244.39,55950.56,1440,2060,5400,15240,297138,30900.03,49344.85,438,2556,4370.5,46373,179711,35944.03,64219.99,1440,2028,5504,46032,297138,7155,3662,3.3,32.48,106.67,3165,0.8643,2850,0.9005,3165
Portage Park,,,,1920205,2067335,1713795,1858051,2255021,2591761,2600760,2379471,1954611,1839998,2135345,2285235,25601588,854,313,352667,320119,220219,114647,68823,38920,31651,30192,33485,54005,129200,296623,1690551,398,1691584,2007445,69193.48,260453.23,103,5262,10586.5,26575,3223616,5141.59,9166.72,300,1294,1953,4400,84853,4843.99,11418.52,45,1148,1657,3375,115150,6046.52,15842.78,600,1226.5,1877,4589,221968,27289,11105,1.49,58.15,1117.72,9994,0.9,4870,0.4872,9994
Pullman,,,,1002894,1065381,1007863,986485,1170214,1189882,1222118,1123245,895504,921438,1239146,1281097,13105267,89,42,115170,99269,62353,25097,13733,6411,5387,5945,5794,12014,34381,105371,490925,65,1537565,1337950,195601,542792.58,137,4900,11203,59095,2971265,23654.85,57631.21,728,1092,1735,5526,260200,8047.95,15523.39,86,1224,1810,5296,82510,22677.12,54904.84,728,1211,2112,7194,260200,3431,1603,1.6,61.99,190.78,1382,0.8621,790,0.5716,1382
Riverdale,,,,8830977,11332256,10023727,10855020,11646116,11640141,12353480,8749451,10178459,9601983,10217690,238650,115667950,34,24,158655,123014,79839,27100,34540,14923,8796,8411,9742,30578,80402,162690,738690,52,2534220,2886792,5029041,23637139.85,329,4706,9656,101129,113452691,115191.8,469461.36,864,1700,2866.5,22862,2214572,17178.84,45593.53,62,744,1480,6361,197137,72169.8,350450.26,731,1805.5,5833,9278.5,2214572,1899,1554,1.19,25.04,77.53,645,0.415,516,0.8,645
Rogers Park,,,,2136214,2161857,2008756,2057464,2446836,2824275,2781596,2484761,2108710,2293646,2611706,2752623,28668444,1918,1476,2084011,1792211,1481742,876463,564061,297238,249736,251629,293750,546707,1230830,1872493,11540871,269,3251901,3687333,91886.04,265476.09,394,10754.5,19589,66116.5,3570259,14200.44,21401.21,700,2610,6880,19917,234208,48902,526041.64,38,1948.5,5426,18232,8087200,17813.2,48555.33,700,2496,5555,18300,513907,48386,23495,2.33,56.61,764.72,21087,0.8975,15684,0.7437,21087
Roseland,,,,1370531,3482764,3137589,3261380,3290701,3986851,4082283,3826572,3270486,3075260,3964581,3900000,40648998,647,423,372075,321646,227969,103850,62569,31751,19644,26909,24624,56529,145057,337435,1730058,466,1631881,1822716,93445.97,1079757.16,104,3157,7941,14755,22326555,3821.74,8934.6,400,1086,1627,2911,107426,4080.33,10840.8,54,1078.5,1676.5,2600,134205,4360.56,14530.3,408,1035,1518,2792,234473,18465,7658,1.52,65.68,1446.33,6399,0.8356,3317,0.5184,6399
South Chicago,,,,1290261,1311061,1156547,1168713,1306935,1454063,1433780,1362254,1101717,1142183,1413315,1603241,15744070,630,402,347313,285936,214261,100683,55160,26227,24696,21030,22420,49255,140162,298848,1585991,323,1914583,1842573,56228.82,239009.5,128,3203,7400.5,17476.5,2616445,7197.68,23215.14,141,1260,2065,4711,255955,5746.34,17494.73,27,1002,1834,3054,198743,7141.76,19080.11,141,1225,1912,4567,229338,19811,9849,1.62,67.69,925.35,7906,0.8027,5668,0.7169,7906
South Deering,,,,9677002,9214545,8593639,8585102,6879846,8796801,8818417,9575661,9011973,10744740,10291032,11169476,111358234,139,63,1746586,1445439,1079744,609064,430936,328770,186828,314151,332870,571121,993200,1418201,9456910,137,4345639,6297084,843623,8238135.36,144,3655,8240,35344.5,94519595,34765.11,235509.18,630,981,1700,4475,2281846,76265.4,639081.36,38,947,1393.5,5481,7050313,50782.94,292243.17,630,981,1728,4679,2281846,9991,3893,1.25,41.63,385.85,3512,0.902,1379,0.3927,3512
South Lawndale,,,,9517291,9498337,9466157,8647266,10001605,11084355,12674916,12092675,10853638,9056096,9996259,10818655,123707250,324,186,1648418,1323681,1226368,773622,676579,582294,762597,737583,493982,620254,994970,1566232,11406580,348,7869444,7959034,465064.8,3875227.1,101,5920,16787.5,77280,60980143,30501.72,279370.17,100,1300,2300,6298,4447213,39333.03,364915.5,31,1140,1948,4961,6007577,29697.89,273961.04,100,1156,2273,6542,4447213,48760,9857,1.49,64.03,1069.64,7689,0.7801,5435,0.7069,7689
South Shore,,,,3275820,3078804,2699302,2640377,2757412,3264734,3245013,2878052,2598618,2899303,3474765,4231398,37043598,1908,1035,784302,642973,536504,310733,182659,103283,81391,78456,84574,167607,369734,642771,3984987,410,6205497,6228066,94019.28,519338.76,131,4276,11656,37040,9371305,20082.51,90306.56,600,1700,2905,9937,976279,12610.72,32869.24,32,1268,2302.5,6599.5,296470,22163.94,94880.32,600,1647,2992,9548,976279,47285,28271,2.25,65.77,1007.99,23173,0.8197,18415,0.7947,23173
Uptown,,,,4529292,4146613,3579986,3498339,4314653,5047177,5040275,4569352,3589651,3701922,5339617,6136746,53493623,2650,1092,819797,698841,561497,337535,242756,223718,223796,217929,139072,267311,426041,729948,4888241,175,6656288,7730900,318414.4,1140797.07,308,11756,36194.5,175720,12097266,44673.07,141509.11,700,3015,6697,21358,1442428,32159.48,84479.62,32,2208,6980.5,24201.5,832239,52951.37,150088.91,700,2880,7709,27476,1442428,41707,24004,3.58,62.53,321.89,21764,0.9067,15732,0.7228,21764
Washington Heights,,,,1324922,1167278,1009414,936248,1086266,1287674,1196498,1055227,916207,985275,1535864,1588241,14089114,402,138,252742,211253,147940,62444,36787,17231,15202,13489,16458,32978,89679,228617,1124820,232,1110928,1231812,60468.3,193627.74,128,4692,9125,19902,1801254,5072.73,11346.32,216,1072,1449,2730,69900,4977.08,14419.52,72,1171,1682,2837,187529,5702.83,13759.7,500,1064.5,1516,2831,96394,10248,4165,1.46,58.56,682.39,3768,0.9047,1343,0.3564,3768
Washington Park,,,,744844,633904,585793,645785,657697,704173,695741,725711,616395,639798,738952,844432,8233225,324,167,174450,117664,145835,55555,28313,19974,10168,15850,12672,29265,68496,145735,823977,96,910782,845268,84012.5,238479.42,291,5343,13558.5,47144,2005105,11384.78,19989.76,600,1759.5,3700,9331,110665,10172.56,20454.11,37,1700,3200,10230,157197,11270.24,18697.55,600,1760,3690,9462,97710,10957,5313,1.78,42.38,305.91,4103,0.7723,3539,0.8625,4103
West Elsdon,,,,422640,406921,378449,362950,435657,515290,585408,514736,399348,385820,423937,505783,5336939,149,50,97409,81802,55851,23441,15245,10538,10910,9961,8549,13710,36294,89670,453380,106,489733,388667,56775.95,172528,130,5314,11194,19263,1028330,5629.11,13778.1,594,1000,1296,2718,75962,4626.33,11964.09,358,968,1394.5,2496,79108,4134.76,11251.55,594,972,1197,2164,75962,6520,2061,1.41,50.45,345.72,1953,0.9476,701,0.3589,1953
West Englewood,,,,1434643,1407078,1167426,1200521,1243158,1506619,1372891,1380814,1119224,1192782,1522534,1977730,16525420,521,425,319381,272078,196762,84500,44665,17910,13832,13361,17795,38176,115479,265187,1399126,451,1810621,1984673,37472.61,183169.82,103,3165,6804,11808,1929531,4230.42,22252.38,230,1000,1531,2412,436714,3515.39,10734.8,50,1109,1657.5,2573,152646,5154.99,24432.28,500,1008,1600,2496,436714,20309,7852,1.51,75.08,1652.32,6012,0.7656,3261,0.5424,6012
West Garfield Park,,,,796168,772640,741684,741207,849534,917316,990480,979703,813426,775854,846864,1095391,10320267,319,416,277684,232038,177434,71534,45273,31785,26086,26146,28970,49087,112196,256668,1334901,204,1302206,1729423,60001.55,201548.24,100,4700.5,9217,23661,1980934,7892.16,18106.88,604,1631,2705,5691,183645,7716.19,18087.35,32,1210,1911,4134,134403,10609.96,23604.83,604,1700,2695,6253,183645,11502,6667,1.7,58.09,587.63,4012,0.6018,2962,0.7383,4012
West Lawn,,,,1018719,1026378,928229,959550,1077261,1220331,1214439,1142584,1013185,958013,1055920,1301345,12915954,360,136,333200,281105,304031,213679,223705,219918,212050,178304,152327,207770,241112,320472,2887673,160,2954888,871680,87269.96,322307.52,114,5409,9643.5,18384,2660497,21888.06,179921.21,400,1064,1620,4168,2077700,19914.99,186331.31,212,1147,1547,2977,2244772,6226.29,23717.15,400,1037.5,1438,3150.5,265940,10884,3309,1.49,52.49,600.59,3079,0.9305,1109,0.3602,3079
West Pullman,,,,1178854,1207345,1027748,1057788,1315355,1290581,1377732,1361820,1134448,1396808,1476449,1728709,15553637,469,419,447728,393221,303566,180118,146688,110922,104626,101439,99371,136617,233923,430238,2688457,370,1272553,1459765,44566.3,245895.99,104,3090,7593,13948,4124031,3710.07,8859.7,436,1020,1500,2554,99849,8001.36,60758.26,26,1080.5,1570,2499.5,947660,4450.5,12669.23,436,1017.5,1435,2544,144557,13561,5400,1.43,68.04,1297.08,4268,0.7904,1918,0.4493,4268
West Ridge,,,,2127696,2134499,1966631,2171863,2850467,3205792,3029485,2706874,2198842,2327668,2806096,2643053,30168966,2074,505,645922,525241,414830,222604,258380,158575,164646,164109,141971,165811,310841,610089,3783019,376,4488213,4374003,73225.65,241950.67,164,7213.5,13608.5,28875,2915123,13641.98,60295.19,500,1564,2874,8300,834018,10902.07,35027.37,60,1266,2056,6938,430126,13711.61,61704.12,500,1520,2591,6680,834018,44944,17764,1.78,50.96,1208.23,15759,0.887,9516,0.6038,15759
West Town,,,,4841291,6601122,6448430,6421480,7285673,8388976,8805374,8823177,7254141,6447652,6990660,7878841,86186817,1117,519,806693,650920,513984,245069,171218,119144,97150,101365,118595,170560,308484,686487,3989669,600,6039841,5553312,172719.1,1088069.96,189,7493,16316,48950,21990295,12609.27,69468.04,500,1638,2880,6100,1396390,8192.34,51595.74,30,1124,1880,3929,1108726,11866.05,68861.59,580,1600,2806,5893,1396390,32645,17057,1.63,59.28,1144.36,15408,0.9033,9982,0.6478,15408
Woodlawn,,,,21798638,23347481,23118182,24681697,29156941,35619496,35512279,34437470,29240219,24874094,24066706,24961508,330814711,904,367,299850,255140,220757,108320,71164,33919,23011,25822,23632,42085,94876,209438,1408014,191,1752390,1899044,1560447,21432398.68,118,5177.5,10500.5,36793,312098596,10071.21,21619.5,400,1722,2514,7049,159203,8000.08,17034.4,26,1136,1984.5,6443.5,130637,11722.49,32215.14,400,1668,2500,6400,304901,22856,10778,2.01,66.65,589.69,8716,0.8087,6866,0.7877,8716
